Operation Name,Total Floor Area,Unit,Avg hrs/wk,Electricity,,Natural Gas,,GHG Emissions
Stephenson Building,135034,Square meters,70,2181065,kWh,125300,Cubic meter,
52 Hillcrest Ave,4585,Square feet,70,1452.214549,kWh,2390.339081,Cubic meter,"4,658.7"
Archives and Records Centre,39590,Square feet,70,950288.2581,kWh,110838.5913,Cubic meter,"300,820.1"
Atlantic Ave Storage Bldg,43002,Square feet,70,77458.69467,kWh,32412.90751,Cubic meter,"68,719.9"
B.A.A.N.N. Theatre Centre,9268,Square feet,70,134049.8,kWh,3190.16375,Cubic meter,"18,905.6"
Central Services Office,18299,Square feet,70,148280.8023,kWh,18190.57656,Cubic meter,"48,632.5"
City Clerk's Office,34843,Square feet,70,619118.2879,kWh,44620.64516,Cubic meter,"143,821.1"
City Hall,780061,Square feet,70,12576998.42,kWh,,,"2,451,005.4"
College Dovercourt Office,19138,Square feet,70,45082.81427,kWh,21820.22471,Cubic meter,"45,583.7"
Consolidated Communication Ctr,132999,Square feet,70,8644439.097,kWh,140036.513,Cubic meter,"1,094,968.7"
Crossways Employment Services,18277,Square feet,70,868020.2608,kWh,51940.57118,Cubic meter,"181,564.9"
Dyas Rd Buildings,102516,Square feet,70,1843886.652,kWh,78248,Cubic meter,"325,024.7"
East Court & Municipal Services,120104,Square feet,70,2052060,kWh,154589.9032,Cubic meter,"489,351.7"
East York Civic Centre,67544,Square feet,70,1592476.548,kWh,76649.85389,Cubic meter,"297,857.7"
Eastern District Office,19849,Square feet,70,98776.45515,kWh,30335.92486,Cubic meter,"66,840.4"
Election Services Building,55004,Square feet,70,388936.7647,kWh,78748.67742,Cubic meter,"186,237.9"
Etobicoke Civic Centre,154925,Square feet,70,2600328.29,kWh,242910.0435,Cubic meter,"708,987.8"
Etobicoke North Office,20279,Square feet,70,533147.1897,kWh,36399.90095,Cubic meter,"120,022.1"
Etobicoke South Office,22497,Square feet,70,428500.6118,kWh,19619.70284,Cubic meter,"78,246.7"
Former Hydro Building,22497,Square feet,70,646363.5813,kWh,3665.940313,Cubic meter,"69,007.7"
Health HQ,14144,Square feet,70,168605.1933,kWh,14911.07155,Cubic meter,"44,384.1"
Health Office,2540,Square feet,70,14910.94237,kWh,884.466563,Cubic meter,"3,104.2"
Metro Hall,787186,Square feet,70,9281210.645,kWh,,,"1,928,341.2"
Multi-Occupant Office Building,46145,Square feet,70,1375393.183,kWh,0,Cubic meter,"132,092.8"
North District Office,66747,Square feet,70,299449.6362,kWh,33354.93292,Cubic meter,"91,820.9"
North York Central Office,18934,Square feet,70,375216.7647,kWh,36657.98386,Cubic meter,"105,342.4"
North York Civic Centre,346706,Square feet,70,8595826.742,kWh,1003151.996,Cubic meter,"2,722,129.4"
North York East Office,27577,Square feet,70,,,50716.31161,Cubic meter,"95,885.6"
Old City Hall,350494,Square feet,70,2829249.15,kWh,,,"813,183.9"
Pape Avenue Multiuse Building,9365,Square feet,70,82421.36765,kWh,24369.32882,Cubic meter,"53,989.1"
Property Dept Workshop,39170,Square feet,70,125863.074,kWh,108389.2149,Cubic meter,"217,011.5"
Property Maintenance Office,13487,Square feet,70,108075.8294,kWh,25738.45242,Cubic meter,"59,041.4"
Public Health Building,6394,Square feet,70,72801.13267,kWh,11186.56838,Cubic meter,"28,141.4"
Public Health HQ,111385,Square feet,70,2150552.272,kWh,20336.68004,Cubic meter,"244,988.1"
Queen Street Office,25327,Square feet,70,379689.4914,kWh,36384.32817,Cubic meter,"105,254.6"
Rexdale Community Hub,96369,Square feet,70,951551.7639,kWh,92446.7769,Cubic meter,"266,169.4"
Richmond St Yard,94561,Square feet,70,437337.0495,kWh,237070.504,Cubic meter,"490,213.7"
Scarborough Admin Office,20398,Square feet,70,120528.5455,kWh,35537.73697,Cubic meter,"78,764.2"
Scarborough Civic Centre,372862,Square feet,70,6959605.903,kWh,220832.1767,Cubic meter,"1,085,911.8"
Scarborough North Office,49385,Square feet,70,1021811.746,kWh,19763.84571,Cubic meter,"135,500.9"
Scarborough West Office,19999,Square feet,70,509038.0565,kWh,39669.10642,Cubic meter,"123,887.5"
St Lawrence Hall,55413,Square feet,70,1324565.516,kWh,63963.98768,Cubic meter,"248,143.3"
Strachan Ave #45,19752,Square feet,70,349258.8596,kWh,51181.87777,Cubic meter,"130,308.7"
Toronto Admin Office,54638,Square feet,70,671583.6774,kWh,95679.46021,Cubic meter,"245,393.1"
Toronto Island Service Office,20968,Square feet,70,65095.61765,kWh,12546.48128,Cubic meter,"29,972.5"
Toronto Water Centre,64831,Square feet,70,2877739.194,kWh,182262.3413,Cubic meter,"620,968.2"
Water Revenue Office,14768,Square feet,70,181145.1393,kWh,15950.86553,Cubic meter,"47,554.3"
Wellesley Jarvis Office,52108,Square feet,70,1457938.823,kWh,,,"140,020.4"
Western District Office,4844,Square feet,70,19043.9256,kWh,12736.87794,Cubic meter,"25,909.7"
York Civic Center,72915,Square feet,70,1645120.224,kWh,153306.6845,Cubic meter,"447,843.1"
Ambulance Headquarters,143494,Square feet,168,3682885.194,kWh,193404.2204,Cubic meter,"719,359.5"
EMS Workshop West,1658,Square feet,168,11403.70406,kWh,5366.415241,Cubic meter,"11,241.1"
NE District Office / Station #20,7782,Square feet,168,238776.6626,kWh,18121.16706,Cubic meter,"57,192.5"
NW District Office & Garage,13153,Square feet,168,157279.0462,kWh,19593.22781,Cubic meter,"52,148.6"
Station #10,5005,Square feet,168,68587.32423,kWh,10493.62276,Cubic meter,"26,426.7"
Station #11,3574,Square feet,168,28847.49412,kWh,8336.815341,Cubic meter,"18,532.3"
Station #12,1938,Square feet,168,33039.27728,kWh,4639.664706,Cubic meter,"11,945.0"
Station #13,2756,Square feet,168,25435.94737,kWh,11762.20727,Cubic meter,"24,680.8"
Station #14,4252,Square feet,168,50966.20147,kWh,8652.324813,Cubic meter,"21,253.1"
Station #19,1367,Square feet,168,21152.67799,kWh,3709.330597,Cubic meter,"9,044.5"
Station #22,2583,Square feet,168,39531.07177,kWh,4044.090909,Cubic meter,"11,442.4"
Station #24,2659,Square feet,168,24127.0625,kWh,6234.465855,Cubic meter,"14,104.2"
Station #28,1905,Square feet,168,45043.7647,kWh,12230.77143,Cubic meter,"27,449.8"
Station #31,2831,Square feet,168,38563.53322,kWh,6268.354969,Cubic meter,"15,554.8"
Station #32,3218,Square feet,168,20167.19507,kWh,4334.224375,Cubic meter,"10,131.3"
Station #33,3132,Square feet,168,26638.04594,kWh,4476.579354,Cubic meter,"11,021.9"
Station #34 (save-a-life),13939,Square feet,168,52905.58824,kWh,29945.72621,Cubic meter,"61,697.3"
Station #37,4413,Square feet,168,42594.65862,kWh,6061.001492,Cubic meter,"15,549.9"
Station #38,5102,Square feet,168,59286.71,kWh,14914.96627,Cubic meter,"33,892.5"
Station #40,12798,Square feet,168,154447.451,kWh,12123.46118,Cubic meter,"37,754.1"
Station #42,6997,Square feet,168,121747.5453,kWh,15406.27945,Cubic meter,"40,820.2"
Station #44,2799,Square feet,168,27139.09938,kWh,6861.981364,Cubic meter,"15,579.9"
Station #45,11496,Square feet,168,70571.69117,kWh,14857.03636,Cubic meter,"34,866.8"
Station #46,1572,Square feet,168,21393.98489,kWh,4845.930323,Cubic meter,"11,216.5"
Station #47,1787,Square feet,168,29588.79118,kWh,1931.751136,Cubic meter,"6,493.9"
519 Church St Comm Ctr,15554,Square feet,100,545087.6984,kWh,46841.34544,Cubic meter,"140,909.7"
Albion Comm Ctr & Pool (indoor),20688,Square feet,100,505110.5238,kWh,138476.189,Cubic meter,"310,317.6"
Amesbury Community Center,37975,Square feet,100,278146.4375,kWh,40212.58836,Cubic meter,"102,740.2"
Annette R.C,20774,Square feet,100,428702.8892,kWh,,,"41,172.6"
Armour Height C.C,19773,Square feet,100,218081.315,kWh,21338.51657,Cubic meter,"61,287.7"
Banbury C.C.,9537,Square feet,100,100796.2519,kWh,10772.48529,Cubic meter,"30,047.2"
Berner Trail C.C,10204,Square feet,100,201638.0235,kWh,22898.78604,Cubic meter,"62,658.4"
Birchmount C.C,46166,Square feet,100,1406756.677,kWh,169960.3947,Cubic meter,"456,436.6"
Birkdale C.C,11733,Square feet,100,254713.2292,kWh,6110.950554,Cubic meter,"36,016.2"
Burrows Hall Community Complex,43185,Square feet,100,896728.5529,kWh,17149.7815,Cubic meter,"118,545.7"
Carmine Stefano Community Ctr,57867,Square feet,100,261509.8333,kWh,100459.8506,Cubic meter,"215,047.5"
Cecil Community Ctr,5769,Square feet,100,88372.75439,kWh,23300.92278,Cubic meter,"52,540.7"
Cedar Brook C.C,14951,Square feet,100,153503.7952,kWh,8589.68697,Cubic meter,"30,982.4"
Chapley C.C / Wilmington Park,6997,Square feet,100,347196.4337,kWh,16632.98879,Cubic meter,"64,791.5"
Commander Park C.C,56317,Square feet,100,908365.0716,kWh,52763.02726,Cubic meter,"186,994.6"
Community Centre 55,8999,Square feet,100,72769,kWh,7374.235294,Cubic meter,"20,930.7"
Curran Hall C.C,2508,Square feet,100,38900.09954,kWh,3532.56533,Cubic meter,"10,414.7"
Davenport C.C,2282,Square feet,100,1382.186509,kWh,5229.465333,Cubic meter,"10,019.7"
David Appleton Community Centre,2906,Square feet,100,74212.8684,kWh,6022.975938,Cubic meter,"18,514.6"
Driftwood C.C,25015,Square feet,100,369260.1968,kWh,42502.86875,Cubic meter,"115,820.8"
Earl Bales C.C & Senior,21657,Square feet,100,348755.9212,kWh,34483.19454,Cubic meter,"98,689.4"
Earl Bales Park,10409,Square feet,100,291720.1929,kWh,,,"28,016.8"
East Scar Boys/Girls Club,13972,Square feet,100,306630.9355,kWh,53149.23702,Cubic meter,"129,934.2"
East York Community Centre,31000,Square feet,100,487004.2353,kWh,129211.1251,Cubic meter,"291,061.9"
Eastview Neighbourhood Comm Ctr,25510,Square feet,100,391014.098,kWh,28560.31882,Cubic meter,"91,549.9"
Edithvale C.C,24725,Square feet,100,630567.8548,kWh,47696.27597,Cubic meter,"150,735.6"
Ellesmere C.C,24402,Square feet,100,256851.6357,kWh,26866.95679,Cubic meter,"75,463.4"
Elmbank Community Centre,14725,Square feet,100,258242.1342,kWh,33161.81476,Cubic meter,"87,498.2"
Fairbank Memorial R.C.,19364,Square feet,100,317372.0442,kWh,32211.41887,Cubic meter,"91,380.2"
Fairmount Park C.R.C,4359,Square feet,100,12990.54904,kWh,,,"1,247.6"
Falstaff C.C,13853,Square feet,100,155616.598,kWh,26348.19697,Cubic meter,"64,760.0"
Flemingdon C.C,10000,Square feet,100,111604.7431,kWh,22060.71945,Cubic meter,"52,427.1"
Forest Hill C.C,32841,Square feet,100,660312.0774,kWh,45405.58944,Cubic meter,"149,261.4"
Franklin Horner,39500,Square feet,100,233612.2902,kWh,88340.95083,Cubic meter,"189,455.9"
Glenlong C.C & A.I.R,10236,Square feet,100,399383.1544,kWh,33886.89544,Cubic meter,"102,424.2"
Good Neighbours Club C.C,8127,Square feet,100,,,14284.50727,Cubic meter,"27,006.7"
Harbourfront Community Centre,123214,Square feet,100,1251377.269,kWh,101689.5286,Cubic meter,"312,439.2"
Harwood Hall Community Ctr,4306,Square feet,100,19900.80788,kWh,8913.812187,Cubic meter,"18,764.0"
Heron Park C.C,52377,Square feet,100,1157734.548,kWh,80192.14195,Cubic meter,"262,802.3"
Jenner Jean-Marie C.C.,13207,Square feet,100,133274.6444,kWh,27298.61742,Cubic meter,"64,411.2"
Keele C.C,10000,Square feet,100,12049.77,kWh,,,"1,157.3"
Lamp Senior Centre,26318,Square feet,100,471429.6585,kWh,39171.46309,Cubic meter,"119,334.7"
Lawrence Heights C.C.,22152,Square feet,100,234098.775,kWh,42500.13425,Cubic meter,"102,834.7"
Ledbury Community Center,5780,Square feet,100,209548.587,kWh,13131.53257,Cubic meter,"44,951.9"
Leslie Grove Park,1389,Square feet,100,4822.925574,kWh,3716.597647,Cubic meter,"7,489.9"
Main Square Comm Ctr,35123,Square feet,100,611587.148,kWh,90846.70284,Cubic meter,"230,494.1"
Masaryk-Cowan C.R.C,32270,Square feet,100,643412.0949,kWh,32361.35605,Cubic meter,"122,976.6"
McGregor Park C.C,45262,Square feet,100,1177209.724,kWh,70862.02118,Cubic meter,"247,032.9"
Metro Track And Field,96337,Square feet,100,629770.5806,kWh,86196.55323,Cubic meter,"223,448.7"
Mid-Scarborough C.C,89125,Square feet,100,1630442.581,kWh,124277.7893,Cubic meter,"391,550.6"
Mount Dennis Community Ctr,3003,Square feet,100,44004.96787,kWh,3156.958333,Cubic meter,"10,194.9"
New Tor Seniors Club,3025,Square feet,100,54323.59142,kWh,,,"5,217.2"
Niagara C.C,5296,Square feet,100,207709.6246,kWh,,,"19,948.4"
North Toronto Mem Rec Ctr,74820,Square feet,100,1723828.065,kWh,215932.1419,Cubic meter,"573,803.6"
North York Memorial Hall,10473,Square feet,100,513437.8503,kWh,10964.19678,Cubic meter,"70,039.8"
Northwood C.C,36167,Square feet,100,312413.0341,kWh,43365.75139,Cubic meter,"111,992.6"
Oakdale Community Center,10000,Square feet,100,224120.5516,kWh,17990.95302,Cubic meter,"55,538.7"
Oakridge C.C,18600,Square feet,100,287193.9947,kWh,22671.05342,Cubic meter,"70,444.6"
O'Connor C.C,16254,Square feet,100,284780.1544,kWh,29165.70872,Cubic meter,"82,491.8"
Ourland Community Ctr,9451,Square feet,100,192420.2,kWh,21009.02545,Cubic meter,"58,200.3"
Port Union C.C,19978,Square feet,100,464496.2942,kWh,24884.31014,Cubic meter,"91,657.2"
Power House C.C.,5737,Square feet,100,72602.15718,kWh,,,"6,972.7"
Ralph Thornton Community Ctr,17061,Square feet,100,200495.9508,kWh,38719.79496,Cubic meter,"92,460.3"
Regent Park North R.C,6168,Square feet,100,122921.9412,kWh,,,"11,805.4"
Scadding Court Community Ctr,46694,Square feet,100,769290.2455,kWh,117636.4181,Cubic meter,"296,289.2"
Scarborough Village C.C,58125,Square feet,100,1031400.64,kWh,64039.80116,Cubic meter,"220,131.1"
Scott Westney House,3046,Square feet,100,161627.7815,kWh,,,"15,522.7"
Seneca Village C.C,9408,Square feet,100,169068.6428,kWh,,,"16,237.4"
Sir Adam Beck,7341,Square feet,100,47213.53012,kWh,5377.99804,Cubic meter,"14,702.2"
St James Town C.C.,41904,Square feet,100,1097668.935,kWh,90322.05239,Cubic meter,"276,185.4"
St Lawrence C.C,46113,Square feet,100,918936.5806,kWh,216240.4947,Cubic meter,"497,084.8"
Stanley C.C,12895,Square feet,100,206509.5335,kWh,29115.0503,Cubic meter,"74,878.9"
Stephen Leacock Arena,41818,Square feet,100,,,70805.33606,Cubic meter,"133,866.5"
Sunnybrook Park,43701,Square feet,100,731253.3404,kWh,58113.88909,Cubic meter,"180,101.3"
Sunshine Center for Seniors,2250,Square feet,100,35127.56118,kWh,,,"3,373.7"
Tall Pines C.C,5188,Square feet,100,57909.41271,kWh,4217.729167,Cubic meter,"13,535.8"
Tam Heather C.C,28546,Square feet,100,875482.7366,kWh,100470.9148,Cubic meter,"274,034.4"
Thistletown C.C,44810,Square feet,100,351461.3871,kWh,105164.9068,Cubic meter,"232,582.0"
West Rouge C.C,24402,Square feet,100,223232.5406,kWh,36548.64062,Cubic meter,"90,539.1"
West Scarborough N.C,25198,Square feet,100,324898.5131,kWh,110601.4885,Cubic meter,"240,309.4"
Casa Loma,121374,Square feet,100,762407.8947,kWh,150166.629,Cubic Meter,"357,130.7"
Cedar Ridge Creative Centre,13110,Square feet,100,176132.8824,kWh,13320.83335,Cubic meter,"42,100.5"
Civic Garden Centre,36953,Square feet,100,449360.2471,kWh,57227.99082,Cubic meter,"151,353.3"
Colborne Lodge,8546,Square feet,100,126959.5829,kWh,13134.71371,Cubic meter,"37,026.0"
Don Valley Brickwork,186237,Square feet,100,178731.3591,kWh,22445.56944,Cubic meter,"59,601.6"
Edwards Gardens,10021,Square feet,100,55472.44877,kWh,33828.14629,Cubic meter,"69,284.0"
Gibson House Museum,8364,Square feet,100,98583.68735,kWh,,,"9,468.0"
Historic Fort York,22819,Square feet,100,254547.2287,kWh,11466.49294,Cubic meter,"46,125.6"
Lakeshore Assembly Hall,14596,Square feet,100,350459.5095,kWh,33633.74233,Cubic meter,"97,247.0"
Mackenzie House Museum,2573,Square feet,100,34084.54489,kWh,9242.69722,Cubic meter,"20,748.0"
Maple Leaf Cottage,2842,Square feet,100,11672.8969,kWh,2726.713715,Cubic meter,"6,276.3"
Martin Grove House / Bungalow,4790,Square feet,100,9643.476191,kWh,1621.399144,Cubic meter,"3,991.6"
Montgomery's Inn,7642,Square feet,100,256614.4828,kWh,4562.481212,Cubic meter,"33,271.2"
Neilson Pk Creative Arts,12346,Square feet,100,174891.0404,kWh,14574.23636,Cubic meter,"44,351.0"
Riverdale Farm,23713,Square feet,100,84973.86601,kWh,11747.69157,Cubic meter,"30,371.4"
Roundhouse Complex,94001,Square feet,100,59017.66581,kWh,,,"5,668.1"
Spandina House Museum,27588,Square feet,100,95631.80794,kWh,49556.82724,Cubic meter,"102,878.0"
St Lawrence Market North,27997,Square feet,100,410608.4996,kWh,62679.59305,Cubic meter,"157,938.6"
St Lawrence Market South,99114,Square feet,100,5398932.706,kWh,189752.5741,Cubic meter,"877,264.8"
The Guild Inn,13627,Square feet,100,72564.47419,kWh,12378.29866,Cubic meter,"30,371.8"
W.J. Morrish House,4047,Square feet,100,7868.790667,kWh,2605.701429,Cubic meter,"5,682.1"
William Goodwin House,1744,Square feet,100,32168.25294,kWh,4554.911765,Cubic meter,"11,701.1"
Zion Methodist Church,2002,Square feet,100,13402.94307,kWh,6636.301638,Cubic meter,"13,834.0"
Zion School House,1582,Square feet,100,24922.42022,kWh,3044.934597,Cubic meter,"8,150.4"
Algonguin Island Sewage Pumping Station,75,Square feet,168,12300.31279,kWh,,,"1,181.3"
Baby Point Sewage Pumping Station,0,Square feet,168,48960.84686,kWh,,,"4,702.2"
Berry Rd Sewage Pumping Station,7244,Square feet,168,32193.91667,kWh,,,"3,091.9"
Brule Gardens Sewage PS,151,Square feet,168,10482.24034,kWh,,,"1,006.7"
Carlingview Sewage Pumping Station,0,Square feet,168,27907.31762,kWh,,,"2,680.2"
Cumber Sewage Pumping Station,635,Square feet,168,180739.6022,kWh,,,"17,358.2"
Ellis Ave Sewage Pumping Station,0,Square feet,168,5098.536769,kWh,,,489.7
Fallingbrook Sewage Pumping Station,0,Square feet,168,6000.136571,kWh,,,576.3
Grand River Sewage Pumping Station,0,Square feet,168,3400.499999,kWh,,,326.6
Greyabbey Trail Sewage Pumping Station,1001,Square feet,168,39909.34273,kWh,,,"3,832.9"
High Park Valleymede Sewage Pumping Stn,0,Square feet,168,79435.43103,kWh,,,"7,629.0"
Highfield Sewage Pumping Station,0,Square feet,168,182.75,kWh,,,17.6
Humber Sewage Pumping Station,0,Square feet,168,11003.89516,kWh,,,"1,056.8"
Island Rd Sewage Pumping Station,0,Square feet,168,13181.81946,kWh,,,"1,266.0"
Keelesdale Park - Water Pumping Station,0,Square feet,168,68807.94497,kWh,,,"6,608.3"
Kennedy Park Sewage PS,151,Square feet,168,18296.08824,kWh,,,"1,757.2"
Kingston Rd Sewage Pumping Station,0,Square feet,168,138821.7929,kWh,,,"13,332.4"
Livingston Rd Sewage Pumping Station,0,Square feet,168,66251.9,kWh,,,"6,362.8"
Long Branch Sewage Pumping Station,3068,Square feet,168,167842.055,kWh,,,"16,119.6"
Lower Simcoe Pumping Station,0,Square feet,168,20994.42764,kWh,,,"2,016.3"
Martin Grove Sewage Pumping Station,0,Square feet,168,22937.29412,kWh,,,"2,202.9"
Midland Sewage Pumping Station,0,Square feet,168,103726.9338,kWh,,,"9,961.9"
Military Trail Sewage Pumping Station,0,Square feet,168,1814.266544,kWh,,,174.2
Mimico Sewage Pumping Station,4435,Square feet,168,684778.8024,kWh,,,"65,766.2"
New Toronto Pumping Station,2067,Square feet,168,227414.7787,kWh,,,"21,840.9"
Port Union Sewage Pumping Station,0,Square feet,168,66753.03391,kWh,,,"6,411.0"
Redlands Sewage Pumping Station,0,Square feet,168,109564.1827,kWh,,,"10,522.5"
Riverside Sewage Pumping Station,0,Square feet,168,2128.305882,kWh,,,204.4
Riverwood Sewage Pumping Station,0,Square feet,168,21123.78125,kWh,,,"2,028.7"
Scott St Sewage Pumping Station,0,Square feet,168,298375.991,kWh,,,"28,656.0"
Sewells Rd Sewage Pumping Station,0,Square feet,168,53369.70588,kWh,,,"5,125.6"
Silver Birch Ave Sewage Pumping Station,0,Square feet,168,309.984918,kWh,,,29.8
Strachan Sewage Pumping Station,0,Square feet,168,202878.1765,kWh,7981.906157,Cubic meter,"34,575.2"
Sunnyside Sewage Pumping Station,0,Square feet,168,128882.508,kWh,,,"12,377.9"
Swansea Sewage Pumping Station,527,Square feet,168,211790.8877,kWh,,,"20,340.4"
TO Ward's Island,0,Square feet,168,43937.5127,kWh,,,"4,219.8"
Warden Sewage Pumping Station,0,Square feet,168,23837.38326,kWh,,,"2,289.3"
Ward's Island Sewage Pumping Station,0,Square feet,168,2777.169935,kWh,,,266.7
Warren Park Sewage Pumping Station,0,Square feet,168,79398.34091,kWh,,,"7,625.4"
West Point Sewage Pumping Station,0,Square feet,168,782.88465,kWh,,,75.2
West Rouge Sewage Pumping Station,3229,Square feet,168,263914.4975,kWh,,,"25,346.3"
Western Beaches Tunnel Sewage Pumping Station,0,Square feet,168,1092548.645,kWh,,,"104,928.4"
Wirral Crt Sewage Pumping Station,0,Square feet,168,53762.02717,kWh,,,"5,163.3"
Armour Heights Pumping Station,5780,Square feet,168,2574546.377,kWh,,,"247,259.4"
Bayview Pumping Station,0,Square feet,168,38272.76613,kWh,1696.960228,Cubic meter,"6,884.0"
Eglinton Pumping Station,10075,Square feet,168,8381885.968,kWh,,,"804,996.3"
Ellesmere Pumping Station,6243,Square feet,168,22829052.74,kWh,,,"2,192,502.2"
High Level Pumping Station,46403,Square feet,168,9957415.881,kWh,,,"956,310.2"
John Street Pumping Stn,112773,Square feet,168,32618300.39,kWh,,,"3,132,661.6"
Keele Pumping Station,2745,Square feet,168,4725483.29,kWh,,,"453,835.4"
Kennedy Pumping Station,5360,Square feet,168,5693304.44,kWh,,,"546,785.0"
Lawrence Pumping Station,15629,Square feet,168,5226490.226,kWh,,,"501,952.1"
Milliken Pumping Station,0,Square feet,168,3611661,kWh,2.719264,Cubic meter,"346,869.1"
Parkdale Pumping Station,11227,Square feet,168,12338046.07,kWh,,,"1,184,945.9"
Richview Pumping Station,2357,Square feet,168,11889902.24,kWh,,,"1,141,906.2"
Rosehill Pumping Station,1550,Square feet,168,13466517.58,kWh,,,"1,293,324.3"
Scarborough Pumping Station,9160,Square feet,168,11347653.29,kWh,,,"1,089,828.6"
St. Albans Pumping Station,3240,Square feet,168,3727278.129,kWh,,,"357,967.8"
Thornhill Pumping Station,1550,Square feet,168,397529.5645,kWh,,,"38,178.7"
W.H. Johnston Pumping Station,1744,Square feet,168,2265233.197,kWh,,,"217,553.0"
West Toronto Pumping Station,7739,Square feet,168,6136579.774,kWh,,,"589,357.1"
Highland Creek Treatment Plant,255395,Square feet,168,32612928.71,kWh,6856573.765,Cubic meter,"16,095,369.2"
Humber Treatment Plant,224869,Square feet,168,52706016.58,kWh,1796024.588,Cubic meter,"8,457,498.4"
Main Treatment Plant,378438,Square feet,168,114690500,kWh,4545260.306,Cubic meter,"19,608,267.5"
North Toronto Treatment Plant,21786,Square feet,168,2124096.258,kWh,,,"203,998.2"
F.J. Horgan Filtration Plant,325447,Square feet,168,40578442.45,kWh,,,"3,897,153.6"
Island Filtration Plant,64196,Square feet,168,8016260.065,kWh,48620.87693,Cubic meter,"861,805.6"
R.C. Harris Filtration Plant,115368,Square feet,168,53778232.03,kWh,0,Cubic meter,"5,164,861.4"
R.L. Clark Filtration Plant,401612,Square feet,168,50105522.13,kWh,32009.11681,Cubic meter,"4,872,651.6"
Fire Academy,61214,Square feet,168,722322.1027,kWh,102338.2274,Cubic meter,"262,855.2"
Fire Museum And Storage,3272,Square feet,168,21907.22824,kWh,13874.45122,Cubic meter,"28,335.4"
Fire Station 111,5662,Square feet,168,90543.41418,kWh,18779.06759,Cubic meter,"44,200.0"
Fire Station 112,7018,Square feet,168,220796.7509,kWh,23040.31965,Cubic meter,"64,766.0"
Fire Station 113,4833,Square feet,168,79579.29365,kWh,15652.48294,Cubic meter,"37,235.8"
Fire Station 114,8633,Square feet,168,203253.9606,kWh,31758.49412,Cubic meter,"79,564.0"
Fire Station 115,5985,Square feet,168,104149.2412,kWh,11284.1133,Cubic meter,"31,336.5"
Fire Station 116,11776,Square feet,168,190000.8117,kWh,20586.85845,Cubic meter,"57,169.7"
Fire Station 121,4219,Square feet,168,106496.8529,kWh,7812.176471,Cubic meter,"24,997.9"
Fire Station 122,3046,Square feet,168,51472.85817,kWh,13639.05943,Cubic meter,"30,729.8"
Fire Station 123,2497,Square feet,168,48290.23063,kWh,15498.05249,Cubic meter,"33,938.8"
Fire Station 125,5813,Square feet,168,66022.09375,kWh,10116.88551,Cubic meter,"25,468.0"
Fire Station 131,5845,Square feet,168,80908.32353,kWh,17382.04464,Cubic meter,"40,633.4"
Fire Station 132,7664,Square feet,168,90998.56667,kWh,16626.88172,Cubic meter,"40,174.7"
Fire Station 133,8062,Square feet,168,96789.68563,kWh,13826.39009,Cubic meter,"35,436.2"
Fire Station 134,7126,Square feet,168,42320.63591,kWh,16745.79859,Cubic meter,"35,724.5"
Fire Station 135,10592,Square feet,168,134229.9182,kWh,22170.96364,Cubic meter,"54,808.5"
Fire Station 141,2895,Square feet,168,158708.5811,kWh,39463.87399,Cubic meter,"89,853.8"
Fire Station 142,5586,Square feet,168,120152.1048,kWh,23460.8553,Cubic meter,"55,895.1"
Fire Station 143,2895,Square feet,168,71421.4874,kWh,18254.7296,Cubic meter,"41,372.2"
Fire Station 145,11001,Square feet,168,102254.3235,kWh,23581.38205,Cubic meter,"54,404.1"
Fire Station 146,7535,Square feet,168,57471.86508,kWh,14651.15375,Cubic meter,"33,219.5"
Fire Station 211,5005,Square feet,168,94397.84518,kWh,7536.291602,Cubic meter,"23,314.3"
Fire Station 212,16501,Square feet,168,218510.9465,kWh,45537.0625,Cubic meter,"107,079.4"
Fire Station 213,5048,Square feet,168,59459.28125,kWh,12962.24329,Cubic meter,"30,217.2"
Fire Station 214,4887,Square feet,168,58085.99929,kWh,12264.79544,Cubic meter,"28,766.7"
Fire Station 215,5737,Square feet,168,62897.62844,kWh,11752.54806,Cubic meter,"28,260.4"
Fire Station 222,6910,Square feet,168,59015.71875,kWh,14975.07548,Cubic meter,"33,980.2"
Fire Station 223,7459,Square feet,168,45286.03125,kWh,11823.7303,Cubic meter,"26,703.5"
Fire Station 224,3767,Square feet,168,61795.64706,kWh,9101.975941,Cubic meter,"23,143.3"
Fire Station 225,9085,Square feet,168,95332.12557,kWh,21005.95092,Cubic meter,"48,870.1"
Fire Station 226,11808,Square feet,168,69339.64801,kWh,27561.09265,Cubic meter,"58,767.1"
Fire Station 227,10484,Square feet,168,75748.93128,kWh,20981.25671,Cubic meter,"46,942.7"
Fire Station 231,14241,Square feet,168,139796.3438,kWh,25052.44302,Cubic meter,"60,790.9"
Fire Station 232,5350,Square feet,168,72624.18881,kWh,11388.29529,Cubic meter,"28,505.8"
Fire Station 233,11001,Square feet,168,87120.525,kWh,20638.4939,Cubic meter,"47,386.7"
Fire Station 234,5350,Square feet,168,47889.2803,kWh,12213.17514,Cubic meter,"27,689.8"
Fire Station 235,8902,Square feet,168,107400.1875,kWh,20868.27097,Cubic meter,"49,768.8"
Fire Station 241,5500,Square feet,168,45141.70625,kWh,12586.19693,Cubic meter,"28,131.2"
Fire Station 242,5500,Square feet,168,56713.5,kWh,11950.2996,Cubic meter,"28,040.3"
Fire Station 243,5350,Square feet,168,50389.29412,kWh,16716.06772,Cubic meter,"36,443.2"
Fire Station 244,5350,Square feet,168,52406.88636,kWh,12230.48872,Cubic meter,"28,156.4"
Fire Station 245,5608,Square feet,168,43727.6148,kWh,10764.39929,Cubic meter,"24,551.1"
Fire Station 311,12755,Square feet,168,60851.87817,kWh,25494.6825,Cubic meter,"54,045.1"
Fire Station 312,9806,Square feet,168,95752.63277,kWh,21189.47344,Cubic meter,"49,257.5"
Fire Station 313,12099,Square feet,168,156546.0098,kWh,34588.77348,Cubic meter,"80,429.1"
Fire Station 314,11937,Square feet,168,53286.61485,kWh,22956.73133,Cubic meter,"48,520.3"
Fire Station 315,7244,Square feet,168,102629.9775,kWh,24015.42969,Cubic meter,"55,260.8"
Fire Station 321,7535,Square feet,168,91709.43465,kWh,17475.08553,Cubic meter,"41,846.6"
Fire Station 322,7535,Square feet,168,40233.77005,kWh,16277.41871,Cubic meter,"34,638.6"
Fire Station 323,10236,Square feet,168,112037.7731,kWh,31538.05543,Cubic meter,"70,386.8"
Fire Station 324,13153,Square feet,168,79827.58824,kWh,23986.633,Cubic meter,"53,016.4"
Fire Station 325,10129,Square feet,168,91963.0625,kWh,22726.13522,Cubic meter,"51,798.8"
Fire Station 331,10979,Square feet,168,85494.985,kWh,19061.47882,Cubic meter,"44,249.1"
Fire Station 332,24865,Square feet,168,299050.3302,kWh,31922.2117,Cubic meter,"89,073.8"
Fire Station 333,12723,Square feet,168,125677.065,kWh,27148.62805,Cubic meter,"63,398.0"
Fire Station 334,13003,Square feet,168,354847.6168,kWh,18794.43646,Cubic meter,"69,612.8"
Fire Station 335,4402,Square feet,168,115382.152,kWh,7968.142906,Cubic meter,"26,146.1"
Fire Station 341,9268,Square feet,168,81201.91536,kWh,26208.80742,Cubic meter,"57,349.7"
Fire Station 342,3057,Square feet,168,28242.7803,kWh,9792.982299,Cubic meter,"21,227.3"
Fire Station 343,9827,Square feet,168,49202.27485,kWh,20720.34242,Cubic meter,"43,899.8"
Fire Station 344,11238,Square feet,168,76084.37676,kWh,26825.82469,Cubic meter,"58,024.8"
Fire Station 345,12809,Square feet,168,121385.1638,kWh,37347.75598,Cubic meter,"82,268.5"
Fire Station 411,8762,Square feet,168,77996.11833,kWh,9067.799305,Cubic meter,"24,634.6"
Fire Station 412,7029,Square feet,168,76034.89032,kWh,19146.86909,Cubic meter,"43,502.0"
Fire Station 413,3929,Square feet,168,38654.88971,kWh,7793.882353,Cubic meter,"18,447.7"
Fire Station 415,7804,Square feet,168,71127.76471,kWh,13620.08437,Cubic meter,"32,581.6"
Fire Station 421,9461,Square feet,168,108331.8838,kWh,16229.20428,Cubic meter,"41,087.6"
Fire Station 422,7944,Square feet,168,62904,kWh,18117.08065,Cubic meter,"40,293.9"
Fire Station 423,12335,Square feet,168,103865.7242,kWh,26042.55298,Cubic meter,"59,212.0"
Fire Station 424,5866,Square feet,168,57254.61765,kWh,16321.21636,Cubic meter,"36,356.1"
Fire Station 425,7955,Square feet,168,50502.91177,kWh,6954.544118,Cubic meter,"17,998.7"
Fire Station 426,12486,Square feet,168,178754.1036,kWh,29528.20462,Cubic meter,"72,994.4"
Fire Station 431,3907,Square feet,168,39049.09226,kWh,7926.327726,Cubic meter,"18,736.0"
Fire Station 432,11765,Square feet,168,108880.2484,kWh,28879.58087,Cubic meter,"65,057.4"
Fire Station 433,5038,Square feet,168,97226.52206,kWh,8230.543377,Cubic meter,"24,898.5"
Fire Station 434,5188,Square feet,168,29467.09836,kWh,10785.26849,Cubic meter,"23,220.9"
Fire Station 435,6889,Square feet,168,83720.44957,kWh,9330.181389,Cubic meter,"25,680.4"
Fire Station 441,19472,Square feet,168,121076.8043,kWh,20544.94477,Cubic meter,"50,471.0"
Fire Station 442,15479,Square feet,168,215713.2161,kWh,20699.8069,Cubic meter,"59,852.7"
Fire Station 443,3929,Square feet,168,34821.31382,kWh,9374.231819,Cubic meter,"21,067.4"
Fire Station 444,3929,Square feet,168,28638.12706,kWh,9255.018236,Cubic meter,"20,248.2"
Fire Station 445,11765,Square feet,168,125418.4874,kWh,14885.13441,Cubic meter,"40,187.4"
Fire Stn former TO #35,3143,Square feet,168,136418.4512,kWh,,,"13,101.6"
Fire Training Centre,7998,Square feet,168,63865.39471,kWh,9532.074977,Cubic meter,"24,155.2"
HUSAR,11485,Square feet,168,235400.692,kWh,18359.58065,Cubic meter,"57,319.0"
Rotherham Ave 15,23002,Square feet,168,165340.295,kWh,28352.17424,Cubic meter,"69,482.7"
Toryork Office,42625,Square feet,168,701434.8323,kWh,119441.8049,Cubic meter,"293,185.7"
Agincourt Arena and R.C,93398,Square feet,100,2293784.393,kWh,323653.7451,Cubic meter,"832,203.6"
Antibes Park,18492,Square feet,100,388551.1439,kWh,63996.44317,Cubic meter,"158,309.9"
Bennington Heights Clubhouse,1432,Square feet,100,6681.287581,kWh,2538.808825,Cubic meter,"5,441.6"
Broadlands R.C & A.I.R,10667,Square feet,100,411661.7396,kWh,20786.31281,Cubic meter,"78,835.2"
Centennial R.C (Ice Galaxy),102376,Square feet,100,2794516.266,kWh,203647.0939,Cubic meter,"653,406.0"
Davisville Park/Tennis,2777,Square feet,100,102758.9884,kWh,15035.08424,Cubic meter,"38,294.7"
Dovercourt B&G Club,23971,Square feet,100,179435.7054,kWh,71408.5207,Cubic meter,"152,239.9"
East York Clubhouse,1001,Square feet,100,14399.19444,kWh,2286.419412,Cubic meter,"5,705.7"
East York Curling Club House,17868,Square feet,100,382518.1188,kWh,32381.02839,Cubic meter,"97,957.5"
Etobicoke Olympium,139995,Square feet,100,2944481.194,kWh,596193.7553,Cubic meter,"1,409,968.0"
Fairfield Senior Centre,14316,Square feet,100,100571.5459,kWh,53219.29061,Cubic meter,"110,276.7"
Flemingdon RC & Pool,34348,Square feet,100,691203.6809,kWh,47455.41318,Cubic meter,"156,103.7"
George Webster Clubhouse,1302,Square feet,100,22642.33677,kWh,2825.08001,Cubic meter,"7,515.7"
Gord & Irene Risk Arena & R.C,44304,Square feet,100,786609.2701,kWh,83175.41353,Cubic meter,"232,799.6"
Goulding Arena & R.C,43540,Square feet,100,758179.4516,kWh,83574.22216,Cubic meter,"230,823.2"
Grandravine Arena & R.C,33637,Square feet,100,489463.3396,kWh,59706.80545,Cubic meter,"159,891.4"
Horner Senior Centre,4252,Square feet,100,34409.96142,kWh,4833.899314,Cubic meter,"12,443.8"
Islington Senior Centre,9967,Square feet,100,72445.30849,kWh,9784.146909,Cubic meter,"25,455.8"
Jimmie Simpson R.C,43906,Square feet,100,1377951.498,kWh,218857.2726,Cubic meter,"546,115.9"
John Booth Arena & R.C,27007,Square feet,100,619938.3296,kWh,35361.01985,Cubic meter,"126,393.4"
Joseph J. Piccininni R.C,70030,Square feet,100,1092801.844,kWh,138181.5303,Cubic meter,"366,202.4"
L'Amoreaux C.C,25995,Square feet,100,361370.9095,kWh,,,"34,706.1"
L'Amoreaux Park Yard,1690,Square feet,100,48586.90779,kWh,,,"4,666.3"
L'Amoreaux Sports and Tennis,56253,Square feet,100,1053914.621,kWh,122578,Cubic meter,"332,967.2"
Leaside Gardens Curling Club,27814,Square feet,100,524190.7335,kWh,33511.63085,Cubic meter,"113,701.3"
Malvern R.C,106466,Square feet,100,2715204.516,kWh,161483.2127,Cubic meter,"566,072.8"
Markdale Rec & Daycare,1829,Square feet,100,34600.69804,kWh,2993.853,Cubic meter,"8,983.3"
Matty Eckler R.C,47383,Square feet,100,410680.9279,kWh,108632.904,Cubic meter,"244,826.1"
McCormick R.C,43099,Square feet,100,2010087.903,kWh,161377.3519,Cubic meter,"498,153.2"
Milliken Park Rec Center,17631,Square feet,100,306287.33,kWh,22999.91929,Cubic meter,"72,900.1"
Oriole Arena & R.C,64347,Square feet,100,1401764.635,kWh,79944.9967,Cubic meter,"285,771.6"
Pelmo ParkTennis,2573,Square feet,100,103348.117,kWh,7063.799784,Cubic meter,"23,280.6"
Pleasantview Arena & R.C,30559,Square feet,100,830663.4286,kWh,104181.9638,Cubic meter,"276,746.1"
Roding Arena & R.C,30494,Square feet,100,597492.5334,kWh,32058.56667,Cubic meter,"117,994.0"
St Albans Boys Club,23293,Square feet,100,294632.7908,kWh,72054.65837,Cubic meter,"164,525.0"
Stan Wadlow Clubhouse,10323,Square feet,100,116686.1986,kWh,15442.70968,Cubic meter,"40,402.9"
Todmorden Mills Butler Building,17707,Square feet,100,300285.3212,kWh,28272.0075,Cubic meter,"82,291.2"
Topham Park Clubhouse,3283,Square feet,100,28882.06592,kWh,6976.44054,Cubic meter,"15,963.7"
Trace Manes Clubhouse,6329,Square feet,100,34488.79412,kWh,12569.77624,Cubic meter,"27,077.1"
Trinity Comm Rec Ctr,36909,Square feet,100,682096.3824,kWh,223687.5617,Cubic meter,"488,418.3"
University Settlement House R.C,47566,Square feet,100,630910.7742,kWh,155764.9844,Cubic meter,"355,086.2"
W Acres Senior Ctr,4994,Square feet,100,37188.48693,kWh,8594.64492,Cubic meter,"19,820.9"
Whitlam Warehouse,24865,Square feet,100,209560.5306,kWh,35068.64167,Cubic meter,"86,427.9"
Willowdale Lawn Bowling,2293,Square feet,100,56274.38235,kWh,8820.734545,Cubic meter,"22,081.3"
Albion Arena,32658,Square feet,100,420273.0094,kWh,28744.06148,Cubic meter,"94,707.3"
Amesbury Arena,26942,Square feet,100,670489.7213,kWh,90084.63271,Cubic meter,"234,710.3"
Baycrest Arena,27060,Square feet,100,411860.5,kWh,41283.63925,Cubic meter,"117,607.0"
Bayview Arena,28417,Square feet,100,407407.0294,kWh,46942.19172,Cubic meter,"127,877.5"
Central Arena,32001,Square feet,100,1462757.355,kWh,188205.7838,Cubic meter,"496,310.2"
Chris Tonks Arena,23638,Square feet,100,327016.6733,kWh,21428.4281,Cubic meter,"71,919.8"
Cummer Arena,34348,Square feet,100,1409314.419,kWh,172471.0713,Cubic meter,"461,429.0"
Don MilIs Arena,27857,Square feet,100,583523.3791,kWh,49494.13633,Cubic meter,"149,616.5"
Downsview Arena,34218,Square feet,100,707673.5645,kWh,68928.42574,Cubic meter,"198,282.9"
East York Arena,30257,Square feet,100,839507.611,kWh,56317.58065,Cubic meter,"187,101.8"
Etobicoke Centennial Arena,65466,Square feet,100,2087282.681,kWh,67620.91551,Cubic meter,"328,308.6"
Fenside Arena,26307,Square feet,100,349516.7155,kWh,41273.11355,Cubic meter,"111,599.6"
Flemingdon Arena,25640,Square feet,100,507742.0841,kWh,34079.32471,Cubic meter,"113,194.8"
Forest Hill Memorial Arena,40666,Square feet,100,320292.9794,kWh,75517.66,Cubic meter,"173,536.7"
George Bell Arena,41786,Square feet,100,555571.8033,kWh,39710.41622,Cubic meter,"128,434.7"
Habitant Arena,26307,Square feet,100,451056.7467,kWh,52661.40797,Cubic meter,"142,882.6"
Herbert Carnegie Centennial Arena,42270,Square feet,100,904867.9632,kWh,153969.2326,Cubic meter,"378,001.9"
Lambton Park Arena,24854,Square feet,100,602297.7945,kWh,32282.42161,Cubic meter,"118,878.7"
Leaside Gardens,25586,Square feet,100,743910.7244,kWh,,,"71,445.2"
Long Branch Arena,25629,Square feet,100,492309.1783,kWh,34997.72345,Cubic meter,"113,449.0"
McCormick Arena,37082,Square feet,100,1005043.952,kWh,62251.1652,Cubic meter,"214,218.2"
Mimico Arena,35607,Square feet,100,572783.9913,kWh,35420.09639,Cubic meter,"121,976.4"
Mitchell Field Arena,30182,Square feet,100,912957.3382,kWh,62654.66156,Cubic meter,"206,137.0"
Moss Park Arena,22335,Square feet,100,887729.4085,kWh,39540.98396,Cubic meter,"160,014.8"
Phil White Arena,25941,Square feet,100,604033.9834,kWh,18691.6691,Cubic meter,"93,350.4"
Pine Point Arena,32001,Square feet,100,561034.2813,kWh,31167.93455,Cubic meter,"112,808.7"
Scarborough Arena Gardens,38320,Square feet,100,702762.3162,kWh,51413.93626,Cubic meter,"164,697.9"
Ted Reeve Arena,40601,Square feet,100,1011326.851,kWh,,,"97,127.8"
Victoria Village Arena,33637,Square feet,100,863948.5,kWh,52007.54323,Cubic meter,"181,300.5"
York Mills Arena,23573,Square feet,100,497239.4168,kWh,27217.92371,Cubic meter,"99,213.8"
John Innes C.C,52231,Square feet,100,549059,kWh,77387.82196,Cubic meter,"199,043.1"
Alderwood Pool (indoor),13401,Square feet,100,,,147495.7711,Cubic meter,"278,859.5"
Douglas Snow Aquatic Center,40666,Square feet,100,945608.6181,kWh,301116.0895,Cubic meter,"660,114.5"
Gus Ryder Pool (indoor),21097,Square feet,100,857934.9341,kWh,183005.233,Cubic meter,"428,390.7"
Harrison Pool,15263,Square feet,100,180666.1933,kWh,60888.01152,Cubic meter,"132,467.7"
Memorial Pool,13444,Square feet,100,15645.74597,kWh,,,"1,502.6"
Norseman Pool (indoor),19052,Square feet,100,396982.1344,kWh,126227.9028,Cubic meter,"276,776.0"
S.H Armstrong R.C,18277,Square feet,100,239244.5897,kWh,28613.95886,Cubic meter,"77,075.4"
The Elms Pool (indoor),13885,Square feet,100,380274.2808,kWh,114634.2203,Cubic meter,"253,252.1"
Wallace-Emerson C.C,51882,Square feet,100,877984.2574,kWh,142871.5906,Cubic meter,"354,438.5"
Etobicoke Animal Centre,6588,Square feet,70,199756.645,kWh,70243.31161,Cubic meter,"151,988.5"
North York Animal Centre,13218,Square feet,70,188116.5125,kWh,71525.11326,Cubic meter,"153,294.0"
Scarborough Animal Centre,12831,Square feet,70,338147.1479,kWh,64890.76623,Cubic meter,"155,159.9"
York Animal Centre,14790,Square feet,70,17337.59532,kWh,3192.387097,Cubic meter,"7,700.7"
Albion Road Childcare Centre,5543,Square feet,100,85399.70092,kWh,11525.39706,Cubic meter,"29,992.0"
Ancaster Childcare Centre,7018,Square feet,100,146571.9288,kWh,14452.71906,Cubic meter,"41,401.5"
Bellevue Childcare Centre,6706,Square feet,100,83464.20996,kWh,13483.72063,Cubic meter,"33,508.6"
City Kids Childcare Centre,8460,Square feet,100,88814.408,kWh,8896.409891,Cubic meter,"25,349.5"
Danforth Childcare Centre,6351,Square feet,100,146041.7634,kWh,10301.11429,Cubic meter,"33,501.4"
Davisville Childcare Centre,3595,Square feet,100,27382.68218,kWh,,,"2,629.8"
Hollis Childcare Centre,5576,Square feet,100,92011.27273,kWh,15318.66083,Cubic meter,"37,798.6"
Jesse Ketchum Childcare Centre,11550,Square feet,100,31755.38494,kWh,26373.60046,Cubic meter,"52,912.4"
Malvern Childcare Centre,6501,Square feet,100,206852.4317,kWh,6425.377219,Cubic meter,"32,014.1"
Squirrel's Nest Daycare Centre,8697,Square feet,100,,,11373.54546,Cubic meter,"21,503.1"
St. Marks Childcare Centre,4004,Square feet,100,12934.88542,kWh,,,"1,242.3"
Thomas Berry Childcare Centre,9117,Square feet,100,106431.0538,kWh,29830.14353,Cubic meter,"66,619.3"
Willowridge Childcare Centre,4844,Square feet,100,94534.67647,kWh,15612.29054,Cubic meter,"38,596.1"
Woodbine Childcare Centre,4801,Square feet,100,62762.94398,kWh,1702.26393,Cubic meter,"9,246.1"
Albion Gardens,0,Square feet,100,7148.911765,kWh,,,686.6
Alexander Muir Park Gardens,0,Square feet,100,49888.24326,kWh,2714.235294,Cubic meter,"9,922.9"
Allan Gardens,25177,Square feet,100,200344.1472,kWh,143027.6458,Cubic meter,"289,653.0"
Centennial Greenhouse,29170,Square feet,100,271347.8595,kWh,185692.3216,Cubic meter,"377,135.2"
Cloud Gardens,6243,Square feet,100,284742.9071,kWh,,,"56,627.6"
Craigleigh Gardens,0,Square feet,100,18991.24456,kWh,,,"1,823.9"
High Park Greenhouses,60386,Square feet,100,587027.8021,kWh,486008.5476,Cubic meter,"975,239.0"
Ivan Forrest Gardens,0,Square feet,100,2027.722405,kWh,,,194.7
Ravina Gardens,194,Square feet,100,2037.472794,kWh,,,195.7
Riverlea Greenhouse,17018,Square feet,100,143223.4337,kWh,73078.97898,Cubic meter,"151,920.3"
Rockcliffe GreenHouse,12271,Square feet,100,149916.5965,kWh,93037.38523,Cubic meter,"190,297.0"
Rosetta Mcclain Gardens,1098,Square feet,100,30618.70588,kWh,,,"2,940.6"
Dee Avenue Lab,14994,Square feet,70,1440438.581,kWh,47013.17672,Cubic meter,"227,224.1"
Beare Road Landfill,5942,Square feet,70,263766.1997,kWh,,,"25,332.1"
Brock West Landfill,10764,Square feet,70,153143.6804,kWh,,,"14,707.9"
Donlands Landfill,0,Square feet,70,54073.25669,kWh,,,"5,193.2"
Keele Valley Landfill,10764,Square feet,70,511881.3195,kWh,,,"49,161.1"
Bendale Acres,210327,Square feet,168,3867605.742,kWh,583115.9548,Cubic meter,"1,473,899.6"
Carefree Lodge,67490,Square feet,168,1162021.337,kWh,121161.9457,Cubic meter,"340,672.6"
Castleview Wychwood Towers,294447,Square feet,168,5215198.595,kWh,252924.1605,Cubic meter,"979,052.9"
Cummer Lodge,243200,Square feet,168,5153876.917,kWh,543713.6465,Cubic meter,"1,522,938.0"
Fudger House,118995,Square feet,168,1920108.645,kWh,375882.6915,Cubic meter,"895,061.2"
Kipling Acres,184590,Square feet,168,2100605.032,kWh,343371.4249,Cubic meter,"850,929.4"
Lakeshore Lodge,88964,Square feet,168,1673487.71,kWh,179405.1778,Cubic meter,"499,910.0"
Seven Oaks,133311,Square feet,168,2783226.774,kWh,364139.7257,Cubic meter,"955,753.5"
True Davidson Acres,130082,Square feet,168,2546716.846,kWh,331649.4368,Cubic meter,"871,612.1"
Wesburn Manor,150867,Square feet,168,2114429.785,kWh,356539.8266,Cubic meter,"877,153.7"
Abbotsford Park,0,Square feet,100,1620.534454,kWh,,,155.6
Adams Park,0,Square feet,100,146830.7595,kWh,,,"14,101.6"
Albert Standing Park,0,Square feet,100,28905.4958,kWh,,,"2,776.1"
Aldwych Ave Tot Lo,0,Square feet,100,35757.66865,kWh,,,"3,434.2"
Alex Duff Pool,0,Square feet,100,438449.0876,kWh,24747.51676,Cubic meter,"88,897.0"
Alexandra Park,22873,Square feet,100,347004.5677,kWh,,,"33,326.3"
Allan A Lamport Stadium,16297,Square feet,100,546899.7056,kWh,308069.9571,Cubic meter,"634,969.6"
Amesbury Park,0,Square feet,100,31088.6875,kWh,,,"2,985.8"
Amos Waites Pool (outdoor),1356,Square feet,100,61710.42857,kWh,,,"5,926.7"
Amsterdam Square,0,Square feet,100,43293.20536,kWh,,,"4,157.9"
Anniversary Park,0,Square feet,100,4443.147059,kWh,,,426.7
Art Eggleton Park,0,Square feet,100,1571.095735,kWh,,,150.9
Ashbridges Bay Park,721,Square feet,100,52654.14099,kWh,,,"5,056.9"
Ashtonbee Reservoir Park,0,Square feet,100,2873.941176,kWh,,,276.0
Avondale Park,0,Square feet,100,2655.5,kWh,,,255.0
Baird Park W.Pool,1970,Square feet,100,26785.40676,kWh,5352.013548,Cubic meter,"12,691.1"
Bathurst-Wilson Parkette,0,Square feet,100,314.874706,kWh,,,30.2
Beaty Ave Parkette,0,Square feet,100,2278.897436,kWh,,,218.9
Beaty Parkette,0,Square feet,100,6381.164105,kWh,,,612.8
Bellbury A.I.R,2303,Square feet,100,74001.96015,kWh,,,"7,107.1"
Berczy Park,0,Square feet,100,63841.53017,kWh,,,"6,131.3"
Beresford Park,183,Square feet,100,15507.26051,kWh,,,"1,489.3"
Bestview Park,0,Square feet,100,11183.88282,kWh,,,"1,074.1"
Birchmount Stadium,0,Square feet,100,119401.0368,kWh,,,"11,467.3"
Blantyre Pool,1819,Square feet,100,49187.77554,kWh,7473.593548,Cubic meter,"18,853.8"
Bloordale Park,0,Square feet,100,78611.52107,kWh,,,"7,549.9"
Bluffers Park,5253,Square feet,100,2847014.452,kWh,,,"273,427.3"
Bond Park Baseball,1625,Square feet,100,551878.54,kWh,,,"53,002.4"
Borough of North York Park,0,Square feet,100,29819.45,kWh,2916.399605,Cubic meter,"8,377.7"
Botanyhill Park,0,Square feet,100,8369,kWh,,,803.8
Briar Crest Park,0,Square feet,100,3741.911765,kWh,,,359.4
Bridlewood Park,2433,Square feet,100,11926.92747,kWh,,,"1,145.5"
Brookbanks Park,861,Square feet,100,196879.2273,kWh,,,"18,908.3"
Buttonwood Rink,0,Square feet,100,204964.3,kWh,,,"19,684.8"
Caledonia Park Baseball,1765,Square feet,100,34087.43418,kWh,,,"3,273.8"
Campbell Ave Playground,1453,Square feet,100,171915.1833,kWh,,,"16,510.7"
Carlton Park,506,Square feet,100,7295.682143,kWh,,,700.7
Cassels Ave Playground,183,Square feet,100,1566.666333,kWh,,,150.5
Cathedral Square Park,0,Square feet,100,7358.463235,kWh,,,706.7
Cawthra Sq W.Pool,0,Square feet,100,4557.592013,kWh,,,437.7
Cedarvale Park,0,Square feet,100,598.62706,kWh,,,57.5
Centennial Ski Chalet,7621,Square feet,100,228995.2743,kWh,,,"21,992.7"
Centennial Ski Hill,0,Square feet,100,235767.3143,kWh,,,"22,643.1"
Centre Island Buildings,11926,Square feet,100,376638.3715,kWh,,,"36,172.3"
Chaplin Parkette,0,Square feet,100,12629.96405,kWh,,,"1,213.0"
Charlotte Maher Park,0,Square feet,100,962.315637,kWh,,,92.4
Charlottetown Park,0,Square feet,100,2736,kWh,,,262.8
Christie Pits,29536,Square feet,100,17905.37955,kWh,4666.524926,Cubic meter,"10,542.3"
City Hall Nathan Phillips Sqr,3606,Square feet,100,646093.8461,kWh,,,"160,283.9"
Clanton Park Baseball,3025,Square feet,100,34724.91177,kWh,27.130811,Cubic meter,"3,386.3"
Close Avenue Parkette,0,Square feet,100,13671.94432,kWh,,,"1,313.1"
Cloverdale Park,0,Square feet,100,9457.749999,kWh,,,908.3
Clydesdale Park Tennis,2185,Square feet,100,65468.54186,kWh,,,"6,287.6"
Coleman Park,226,Square feet,100,3354.386185,kWh,,,322.2
Colonel Danforth Park,2723,Square feet,100,13234.24125,kWh,,,"1,271.0"
Colonel Samuel Smith Park,0,Square feet,100,52310.73667,kWh,34418.06424,Cubic meter,"70,095.6"
Columbus Parkette,226,Square feet,100,4425.579415,kWh,,,425.0
Connorvale Park,0,Square feet,100,32745.22061,kWh,,,"3,144.9"
Coronation Park,8105,Square feet,100,209301.3333,kWh,,,"20,101.3"
Cosburn Park,0,Square feet,100,2479.984127,kWh,,,238.2
Cresthaven Park Tennis,1916,Square feet,100,64592.71917,kWh,,,"6,203.5"
Cumberland St Parkette,0,Square feet,100,121131.4112,kWh,,,"11,633.5"
David A. Balfour Park,0,Square feet,100,19656.34481,kWh,3101.265758,Cubic meter,"7,751.1"
Dentonia Park Ave Unit F,0,Square feet,100,15355.79394,kWh,,,"1,474.8"
Dentonia Park Clubhouse,3165,Square feet,100,14215.7114,kWh,,,"1,365.3"
Dentonia Park Golf Course,9214,Square feet,100,82379.54889,kWh,,,"7,911.7"
Derrydowns Park,743,Square feet,100,3847.933514,kWh,,,369.6
Dieppe Park Ice Rink,3498,Square feet,100,308888.7564,kWh,10254.175,Cubic meter,"49,052.5"
Dieppe Rd Unit Prk,0,Square feet,100,8453.826667,kWh,,,811.9
Dixon Rink,0,Square feet,100,1747,kWh,,,167.8
Don Valley Gc Service Bldg,3574,Square feet,100,36585.63585,kWh,10918.58824,Cubic meter,"24,156.7"
Don Valley Golf Course,8245,Square feet,100,203800.4192,kWh,19108.4325,Cubic meter,"55,699.9"
Donald Summerville ODP,27050,Square feet,100,231533.7759,kWh,46177.94485,Cubic meter,"109,541.8"
Downsview Dells,1270,Square feet,100,19279.26051,kWh,,,"1,851.6"
Dufferin Grove Park,4682,Square feet,100,354068.2486,kWh,10085.30376,Cubic meter,"53,072.3"
Dufferin King Park,0,Square feet,100,4595.551658,kWh,,,441.4
Duncan Creek,0,Square feet,100,14397.26876,kWh,,,"1,382.7"
Dunlace Park Tennis,646,Square feet,100,17139.57563,kWh,,,"1,646.1"
E.T. Seton Park,0,Square feet,100,7181.171382,kWh,,,689.7
Earl Bales Ski Tow,0,Square feet,100,121594.3235,kWh,,,"11,677.9"
Earlscourt Park,9515,Square feet,100,148094.6297,kWh,780.3866,Cubic meter,"15,698.4"
East Don Parkland,1141,Square feet,100,28672.35275,kWh,,,"2,753.7"
East Lynn Park,0,Square feet,100,8274.295209,kWh,,,794.7
East Point Park,6523,Square feet,100,143633.7008,kWh,10512.66667,Cubic meter,"33,670.1"
East Toronto Athletic Fieldhouse,538,Square feet,100,8948.608824,kWh,,,859.4
Eglinton Flats Sport Pavilions,5683,Square feet,100,689115.6489,kWh,11795.42091,Cubic meter,"88,483.4"
Elmcrest Park,0,Square feet,100,50094.91082,kWh,,,"4,811.1"
Eringate Pool (outdoor),1098,Square feet,100,61911.67749,kWh,,,"5,946.0"
Esther Shiner Stadium,9365,Square feet,100,316141.3336,kWh,,,"30,362.2"
Etienne Brule Park Wr,441,Square feet,100,9734.628803,kWh,,,934.9
Etobicoke Valley Park,0,Square feet,100,4809.625,kWh,,,461.9
Fairbank Park Pool,3264,Square feet,100,86593.73788,kWh,,,"8,316.5"
Fairhaven Pool (outdoor),1195,Square feet,100,44518.34921,kWh,,,"4,275.5"
Faywood Park Tennis,0,Square feet,100,15266.29645,kWh,,,"1,466.2"
Firgrove Park,0,Square feet,100,12113.07983,kWh,,,"1,163.3"
Flagstaff Pool (outdoor htd),1098,Square feet,100,40531.6346,kWh,,,"3,892.7"
Fountainhead A.I.R,1927,Square feet,100,26096.99013,kWh,1396.270303,Cubic meter,"5,146.2"
Fred Hamilton Playground,0,Square feet,100,8920.159713,kWh,,,856.7
G. Ross Lord Park,6405,Square feet,100,3659.964104,kWh,,,351.5
Geary Ave Parkette W.Pool,0,Square feet,100,3647.984127,kWh,,,350.4
Gihon Spring Pool (outdoor htd),1873,Square feet,100,24293.39273,kWh,,,"2,333.1"
Giovanni Caboto Pool/Rink,55400,Square feet,100,652627.4988,kWh,13484.58065,Cubic meter,"88,172.7"
Glamorgan Park,0,Square feet,100,15242.29412,kWh,,,"1,463.9"
Glen Rouge Park,2013,Square feet,100,231837.2079,kWh,,,"22,265.6"
Glendora Park,0,Square feet,100,1957.000002,kWh,,,188.0
Gracedale Park,0,Square feet,100,26397.7643,kWh,,,"2,535.2"
Grange Park FH / WR,1679,Square feet,100,10889.03138,kWh,9397.607188,Cubic meter,"18,813.2"
Graydon Hall Tennis,0,Square feet,100,7574.17367,kWh,,,727.4
Greenwood Park,21130,Square feet,100,354910.2552,kWh,36587.19383,Cubic meter,"103,258.3"
Greystone Park,0,Square feet,100,4481.531801,kWh,,,430.4
Gwendolen Park Tennis,1916,Square feet,100,59926.10059,kWh,,,"5,755.3"
Halbert Park,3150,Square feet,100,10178.28125,kWh,,,977.5
Hanlan's Point Buildings,7524,Square feet,100,265636.404,kWh,,,"25,511.7"
Harbour Square WR,829,Square feet,100,61453.87059,kWh,,,"5,902.0"
Havenbrook Park Tennis,1916,Square feet,100,66464.68824,kWh,,,"6,383.3"
Hendon Park Tennis,2056,Square feet,100,33443.58172,kWh,1032.145199,Cubic meter,"5,163.3"
Hickory Tree,0,Square feet,100,21529.82143,kWh,,,"2,067.7"
High Park,0,Square feet,100,382281.2353,kWh,27388.63603,Cubic meter,"88,496.0"
High Park Ice Rink,0,Square feet,100,339282.8743,kWh,,,"32,584.7"
High Park Tennis Club,0,Square feet,100,66741.51179,kWh,7905.988871,Cubic meter,"21,357.1"
Highland Creek Bwlng,0,Square feet,100,289.42936,kWh,,,27.8
Highview Park,0,Square feet,100,37456.50464,kWh,,,"3,597.3"
Hillcrest Park,1604,Square feet,100,60548.81705,kWh,988.881906,Cubic meter,"7,684.7"
Hinder Property,1012,Square feet,100,68970.85294,kWh,,,"6,624.0"
Hodgson School,2874,Square feet,100,383566.0131,kWh,4037.090909,Cubic meter,"44,470.3"
Hollywood Park Tennis,1668,Square feet,100,26740.64706,kWh,4377.826322,Cubic meter,"10,845.0"
Home Smith Park Wr,431,Square feet,100,19253.67344,kWh,,,"1,849.1"
HTO Park,0,Square feet,100,43466.14684,kWh,,,"4,174.5"
Humber Bay Park East,2551,Square feet,100,127767.5315,kWh,,,"12,270.8"
Humber Bay Park West,3875,Square feet,100,67186.66347,kWh,3651.673625,Cubic meter,"13,356.6"
Humber Bay Park West Trail,0,Square feet,100,49568.52887,kWh,,,"4,760.6"
Humber Valley Gc Serv.bldg,4080,Square feet,100,59329.32118,kWh,,,"5,698.0"
Humber Valley Golf Course,4327,Square feet,100,79719.65993,kWh,32501.40394,Cubic meter,"69,104.3"
Humber Valley Rink,0,Square feet,100,195568.1439,kWh,7906.454545,Cubic meter,"33,730.5"
Iroquois Fieldhouse,0,Square feet,100,11398.61765,kWh,,,"1,094.7"
Jack Goodlad Park,2271,Square feet,100,77240.15333,kWh,1202.126623,Cubic meter,"9,690.9"
James Gardens,2411,Square feet,100,30735.24054,kWh,5471.076471,Cubic meter,"13,295.6"
Jean Augustine Park,0,Square feet,100,7683.5,kWh,,,737.9
Jeff Healey Park,0,Square feet,100,2467.380953,kWh,,,237.0
Jonathan Ashbridge Park,0,Square feet,100,9113.999998,kWh,,,875.3
Keelesdale Park,0,Square feet,100,311817.4236,kWh,,,"29,946.9"
Kew Gardens Outdoor Rink,797,Square feet,100,331551.8315,kWh,0,Cubic meter,"31,842.2"
Kew Gardens Park,18406,Square feet,100,323750.6806,kWh,6786.121855,Cubic meter,"43,923.0"
Kirkwood Park T.C,0,Square feet,100,14243.21008,kWh,,,"1,367.9"
Kiwanis Pool Change Rooms,2939,Square feet,100,79661.92857,kWh,,,"7,650.7"
Knob Hill Park-ODP,3255,Square feet,100,18615.02941,kWh,,,"1,787.8"
Lake Front Boat Hse,0,Square feet,100,14726.61749,kWh,,,"1,414.3"
Lambton Kingsway Pool/Rink,1076,Square feet,100,36057.20588,kWh,,,"3,462.9"
Langford Parkette,0,Square feet,100,910.415674,kWh,,,87.4
Lanyard Park - Flood Lights,0,Square feet,100,16064.81933,kWh,,,"1,542.9"
Laughton Av Playground,0,Square feet,100,4853.133332,kWh,,,466.1
Leaside Lawn Bowling Club,2207,Square feet,100,9682.353535,kWh,,,929.9
Leaside Park Pool,5662,Square feet,100,43700.22066,kWh,4376.773119,Cubic meter,"12,471.8"
Leonard Linton Park,0,Square feet,100,2645.441176,kWh,,,254.1
Lillian Park,0,Square feet,100,3985.731558,kWh,,,382.8
Lithuania Park,1582,Square feet,100,6952.211513,kWh,0,Cubic meter,667.7
Little Norway Park,2540,Square feet,100,92662.66447,kWh,,,"8,899.3"
Long Branch Park,0,Square feet,100,192.222581,kWh,,,18.5
Lora Hill Park,0,Square feet,100,2095.673797,kWh,,,201.3
Lytton Park,4306,Square feet,100,23399.8815,kWh,,,"2,247.3"
Lytton Park Bowling Club,3229,Square feet,100,2073.069444,kWh,,,199.1
MacGregor Park,0,Square feet,100,19364.20588,kWh,,,"1,859.7"
Mainland Ferry Terminal,6135,Square feet,100,570186.5382,kWh,6559.11625,Cubic meter,"67,161.6"
Malta Park,0,Square feet,100,454.39394,kWh,,,43.6
Manchester Park,0,Square feet,100,6500.103437,kWh,,,624.3
Maple Leaf A.I.R,2303,Square feet,100,64016.07217,kWh,,,"6,148.1"
Maple Leaf Quay Park,0,Square feet,100,21529.50061,kWh,,,"2,067.7"
Marie Curtis Park,3014,Square feet,100,29950.64815,kWh,,,"2,876.5"
Martin Grove Gardens Park,0,Square feet,100,3200.4375,kWh,,,307.4
Martin Grove Rink (outdoor),4435,Square feet,100,181850.3788,kWh,10040.42246,Cubic meter,"36,447.6"
Maryland Park Tennis Clubhouse,0,Square feet,100,17522.50123,kWh,,,"1,682.9"
Maryvale Park,5100,Square feet,100,54043.46978,kWh,5542.822452,Cubic meter,"15,669.7"
McCleary Park,603,Square feet,100,6260.758681,kWh,,,601.3
McNicoll Park,0,Square feet,100,13165.4375,kWh,,,"1,264.4"
Mel Lastman Square,0,Square feet,100,343832.1703,kWh,,,"33,021.6"
Memorial Park,0,Square feet,100,30118.61558,kWh,,,"2,892.6"
Milliken Concession,4004,Square feet,100,170244.0556,kWh,,,"16,350.2"
Millwood Park,0,Square feet,100,12457.32353,kWh,,,"1,196.4"
Mimico Memorial Park,0,Square feet,100,6816.372813,kWh,,,654.6
Moatfield Farm Park,0,Square feet,100,26707.32353,kWh,,,"2,565.0"
Monarch Park,22787,Square feet,100,28709.3125,kWh,,,"2,757.2"
Monarch Park S.Pool,0,Square feet,100,47986.6696,kWh,42261.62706,Cubic meter,"84,509.6"
Moorevale Park,2390,Square feet,100,24129.3336,kWh,287.575758,Cubic meter,"2,861.1"
Morningside Park,4392,Square feet,100,69306.78928,kWh,,,"6,656.2"
Morse St Playground,0,Square feet,100,2009.507246,kWh,,,193.0
Mt Pleasant Parkette,0,Square feet,100,9763.598753,kWh,,,937.7
Muirhead Park,0,Square feet,100,9931.666668,kWh,,,953.8
Murison Woods Park,0,Square feet,100,4579.253125,kWh,,,439.8
Neilson Park,3251,Square feet,100,110534.0028,kWh,4525.412488,Cubic meter,"19,171.6"
North Humber Park Lighting,0,Square feet,100,109.892638,kWh,,,10.6
Northwood Park,850,Square feet,100,15407.22772,kWh,,,"1,479.7"
Norwood Park,1905,Square feet,100,8895.588205,kWh,5289.848713,Cubic meter,"10,855.5"
Old Mills Tennis,0,Square feet,100,5275.333333,kWh,,,506.6
Olympic Island Buildings,4725,Square feet,100,44017.6268,kWh,,,"4,227.5"
Oriole Park WR,377,Square feet,100,10075.11111,kWh,,,967.6
Osler Playground,183,Square feet,100,7205.555612,kWh,,,692.0
Otter Creek Park,3035,Square feet,100,247346.6554,kWh,,,"23,755.2"
Ourland Pool (outdoor),1098,Square feet,100,41705.84314,kWh,,,"4,005.4"
Pantry Park / Beaches Park,7373,Square feet,100,68783.19641,kWh,,,"6,605.9"
Pape Ave Playground,0,Square feet,100,7872.642857,kWh,,,756.1
Parklawn Pool/Rink,5210,Square feet,100,458890.9835,kWh,40516.93548,Cubic meter,"120,674.3"
Perth Ave Square,0,Square feet,100,2733.226191,kWh,,,262.5
Perth Square Park WR,560,Square feet,100,2514.053309,kWh,,,241.4
Phin Ave Parkette,0,Square feet,100,7278.226667,kWh,,,699.0
Pine Point C.C & Pool,17265,Square feet,100,49081.21823,kWh,,,"4,713.8"
Pine Point Park,24197,Square feet,100,32868.64706,kWh,,,"4,752.1"
Pine Point Park,0,Square feet,100,16611.94353,kWh,,,"4,752.1"
Pine Point Park Tennis,1755,Square feet,100,2788.460318,kWh,,,267.8
Poplar Plains Parkette,0,Square feet,100,1367.860863,kWh,,,131.4
Port Union Village Comm Park,15300,Square feet,100,28877.74813,kWh,,,"2,773.4"
Prairie Drive Park,0,Square feet,100,7276.647059,kWh,,,698.8
Prince Of Wales Rink (outdoor),1970,Square feet,100,220894.2636,kWh,7571.172667,Cubic meter,"35,528.9"
Queensway Rink,0,Square feet,100,146935.3238,kWh,3243.92685,Cubic meter,"20,244.7"
Ramsden Park,3434,Square feet,100,233953.0797,kWh,8173.723636,Cubic meter,"37,922.3"
Regent Park North Rink,2153,Square feet,100,216828.3011,kWh,,,"20,824.2"
Regent Park South Rink,2519,Square feet,100,261601.4425,kWh,,,"25,124.2"
Rennie Park /Ice Rink,0,Square feet,100,516504.3412,kWh,,,"49,605.1"
Rennie Park /Tennis,0,Square feet,100,90995.47552,kWh,,,"8,739.2"
Richmond Gardens Pool (outdoor h,2594,Square feet,100,40005.3425,kWh,,,"3,842.1"
Richview Park,0,Square feet,100,16997,kWh,,,"1,632.4"
Rivercrest Rink,495,Square feet,100,146437.6471,kWh,,,"14,063.9"
Riverdale Park East,23401,Square feet,100,531350.0045,kWh,57908.85294,Cubic meter,"160,514.9"
Riverdale Park West,0,Square feet,100,296884.2137,kWh,1.101125,Cubic meter,"28,514.8"
Riverview Gdns Park,0,Square feet,100,15905.7054,kWh,,,"1,527.6"
Rosedale Park,4575,Square feet,100,175019.2767,kWh,1438.265455,Cubic meter,"19,528.1"
Rosethorn Park,0,Square feet,100,5826.822579,kWh,,,559.6
Rotary Peace Park,1647,Square feet,100,10167,kWh,1184.287932,Cubic meter,"3,215.5"
Rotary Pool (outdoor),3477,Square feet,100,50505.6875,kWh,,,"4,850.6"
Rouge Beach Park,6975,Square feet,100,26906.98272,kWh,,,"2,584.1"
Roundhouse Park,0,Square feet,100,23211.56067,kWh,,,"2,229.2"
Rowntree Mills Park,1389,Square feet,100,83004.63081,kWh,,,"7,971.8"
Roxborough Parkette,0,Square feet,100,12584.43441,kWh,,,"1,208.6"
Royalcrest Rink (outdoor),2508,Square feet,100,172061.4969,kWh,,,"16,524.8"
Roywood A.I.R,2303,Square feet,100,90724.32895,kWh,,,"8,713.2"
Ruddington Park,0,Square feet,100,5893,kWh,,,566.0
Runnymede Park,0,Square feet,100,26013.53927,kWh,,,"2,498.3"
Ryerson Community Park,1421,Square feet,100,319969.6099,kWh,,,"30,729.9"
SADRA Park,0,Square feet,100,454.39394,kWh,,,43.6
Salem Parkette,0,Square feet,100,41317.45739,kWh,,,"3,968.1"
Scarborough Bluffs,97,Square feet,100,7238.794118,kWh,,,695.2
Scarborough Village Fieldhouse,0,Square feet,100,17212.79412,kWh,,,"1,653.1"
Scarlett Woods Golf Course,3348,Square feet,100,38151.5,kWh,10521.23667,Cubic meter,"23,555.8"
Seneca Hill Park,0,Square feet,100,6793.146824,kWh,,,652.4
Sentinel Park Baseball,2443,Square feet,100,17796.71414,kWh,,,"1,709.2"
Seven Oaks Tennis,0,Square feet,100,12738.8125,kWh,,,"1,223.4"
Sherwood Park,5909,Square feet,100,91967.46376,kWh,,,"8,832.6"
Sir Adam Beck Rink,2196,Square feet,100,171661.4464,kWh,4467.840314,Cubic meter,"24,933.4"
Sir Winston Churchill Pk,0,Square feet,100,55182.18701,kWh,5482.945235,Cubic meter,"15,665.9"
Smithfield Pool (outdoor),850,Square feet,100,19114.29701,kWh,,,"1,835.7"
Smythe Park,3000,Square feet,100,95653.90305,kWh,,,"9,186.6"
Spadina Road Parkette,0,Square feet,100,5923.890082,kWh,,,568.9
Spenvalley Park T.C,0,Square feet,100,2886.618254,kWh,,,277.2
St Andrew's Playground,194,Square feet,100,9342.490645,kWh,,,897.3
St Jamestown West Park,0,Square feet,100,1823.988095,kWh,,,175.2
Stanley Park,4855,Square feet,100,11017.19962,kWh,2277.018458,Cubic meter,"5,363.1"
Strathburn Park,0,Square feet,100,2228.058824,kWh,,,214.0
Summerlea Rink,0,Square feet,100,155288.2941,kWh,,,"14,913.9"
Sunnybrook Stable,7535,Square feet,100,53360.53658,kWh,2865.269794,Cubic meter,"10,541.9"
Sunnydale Rink (outdoor),3509,Square feet,100,252164.5904,kWh,20643.08146,Cubic meter,"63,246.3"
Sunnyside Park,52033,Square feet,100,264873.8377,kWh,27157.33333,Cubic meter,"76,782.9"
Suydam Park Storage,194,Square feet,100,910.315229,kWh,,,87.4
Sweeney Park,0,Square feet,100,13214.07656,kWh,,,"1,269.1"
Talbot Park Clubhouse,2820,Square feet,100,18269.18765,kWh,,,"1,754.6"
Tam O'shanter Golf Course,4489,Square feet,100,133408.1176,kWh,14374.70335,Cubic meter,"39,989.7"
The Mission Ground,0,Square feet,100,2278.711806,kWh,,,218.8
Thomas Riley Park,2777,Square feet,100,38932,kWh,,,"3,739.0"
Thomson Memorial Park,0,Square feet,100,185119.1341,kWh,6054.807143,Cubic meter,"29,226.2"
Three Valley Park,0,Square feet,100,5863.943043,kWh,,,563.2
Toronto Sculpture Garden,8773,Square feet,100,25505.7382,kWh,,,"2,449.6"
Tournament Park Tennis,1259,Square feet,100,17300.66433,kWh,,,"1,661.6"
Trinity Bellwoods Outdoor Rink,1001,Square feet,100,176892.7353,kWh,868.147977,Cubic meter,"18,630.1"
Trinity Square Park,0,Square feet,100,69411.47736,kWh,,,"6,666.3"
Valleyfield Rink (outdoor),0,Square feet,100,129591.3168,kWh,,,"12,446.0"
Viewmount Park Tennis,1916,Square feet,100,66288.89588,kWh,,,"6,366.4"
Vine Avenue Playground,0,Square feet,100,22020.87996,kWh,,,"2,114.9"
Wanless Park,0,Square feet,100,43501.29616,kWh,160.547201,Cubic meter,"4,481.4"
Wards Island Buildings,0,Square feet,100,15420.21961,kWh,6143.560606,Cubic meter,"13,096.1"
Wedgewood Rink (outdoor),1550,Square feet,100,197279.6703,kWh,2777.336,Cubic meter,"24,197.6"
Wellesley Park,23000,Square feet,100,12307.71429,kWh,,,"1,182.0"
Wellesworth Park,0,Square feet,100,1228.999999,kWh,,,118.0
West Deane Park,0,Square feet,100,17714.91667,kWh,,,"1,701.3"
West Deane Pool (outdoor),1098,Square feet,100,27028.75422,kWh,,,"2,595.8"
West Humber Parkland,1163,Square feet,100,47050.39044,kWh,,,"4,518.7"
West Mall Rink (outdoor),5726,Square feet,100,514886.8275,kWh,29065.44005,Cubic meter,"104,401.6"
Westgrove Pool (outdoor),1055,Square feet,100,30705.41904,kWh,,,"2,948.9"
Westmount Park,0,Square feet,100,1460.3125,kWh,,,140.2
Weston Park,3250,Square feet,100,35710.0451,kWh,,,"3,429.6"
Westway Rink (outdoor),3714,Square feet,100,114707.9597,kWh,16310.45353,Cubic meter,"41,853.5"
Westwood Park,0,Square feet,100,2879.735294,kWh,,,276.6
Wexford Park,0,Square feet,100,744,kWh,,,71.5
Wilket Creek Park,0,Square feet,100,55368.45536,kWh,,,"5,317.6"
Willowdale Park Tennis,0,Square feet,100,5771.588897,kWh,,,554.3
Willowvale Park,0,Square feet,100,28100.01681,kWh,,,"2,698.7"
Winchester Park North,0,Square feet,100,1843.988095,kWh,,,177.1
Wishing Well Park,0,Square feet,100,53348.26374,kWh,,,"5,123.6"
Withrow Park,7287,Square feet,100,125109,kWh,11508.11714,Cubic meter,"33,773.0"
Woburn Ave Playground,0,Square feet,100,1769.777778,kWh,,,170.0
Woburn Park,0,Square feet,100,1011.068015,kWh,,,97.1
Woodbine Beach Park,7535,Square feet,100,12564.08929,kWh,,,"1,206.7"
Woodbine Park,0,Square feet,100,106904.7389,kWh,,,"10,267.1"
York Mills Valley Park,0,Square feet,100,26942.26376,kWh,,,"2,587.5"
Zooview Park,0,Square feet,100,2657.515873,kWh,,,255.2
Adelaide Street Office,15888,Square feet,168,201647.4058,kWh,32709.3339,Cubic meter,"81,207.4"
Asquith Green Social Housing,6329,Square feet,168,120715.8853,kWh,8687.807793,Cubic meter,"28,019.0"
Assessment & Referral Ctr (129 Peter),11780,Square feet,168,252823.7227,kWh,29340.44942,Cubic meter,"79,753.0"
Birchmount Residence,5199,Square feet,168,251381.8726,kWh,61356.95185,Cubic meter,"140,145.8"
Downsview Dell,5199,Square feet,168,138213.9407,kWh,,,"13,274.1"
Family Residence,39999,Square feet,168,360667.3515,kWh,9708.302204,Cubic meter,"52,993.3"
Fort York Residence,25995,Square feet,168,412043.1337,kWh,64497.82637,Cubic meter,"161,514.0"
Greenfield Family Centre,7384,Square feet,168,59326.02861,kWh,6697.063883,Cubic meter,"18,359.3"
Robertson House,19795,Square feet,168,539610.5167,kWh,83886.51,Cubic meter,"210,422.3"
Seaton House,97995,Square feet,168,1420834.488,kWh,506754.2326,Cubic meter,"1,094,540.2"
Women's Residence,28255,Square feet,168,505993.7669,kWh,86335.35432,Cubic meter,"211,823.6"
Bloor Islington Storm Pumping Station,0,Square feet,168,19902.75,kWh,,,"1,911.5"
Eglinton-Bellamy Storm Pumping Station,0,Square feet,168,19776.5511,kWh,,,"1,899.3"
Islington Storm Pumping Station,0,Square feet,168,51715.795,kWh,,,"4,966.8"
North Queen St Storm Pumping Station,0,Square feet,168,7931.046044,kWh,2268.631524,Cubic meter,"5,050.8"
Pantry Park Storm Pumping Station,0,Square feet,168,7434.76904,kWh,,,714.0
0 Wickman Rd-Near Fordhs,0,Square feet,70,248783.6319,kWh,,,"23,893.2"
Allen Road,0,Square feet,70,613573.4188,kWh,,,"58,927.6"
Don Valley Parkway,0,Square feet,70,2651966.774,kWh,,,"254,694.9"
Gardiner Expressway,0,Square feet,70,1842223.019,kWh,,,"176,927.1"
Sidney Belsey Cres Unit Strltg,0,Square feet,70,9649.977273,kWh,,,926.8
St James Town,0,Square feet,70,2135.210084,kWh,,,205.1
Streetlighting East York,0,Square feet,70,4570858.839,kWh,,,"438,985.3"
Streetlighting Etobicoke,0,Square feet,70,18771344.12,kWh,,,"1,802,799.9"
Streetlighting North York,0,Square feet,70,31132600.94,kWh,,,"2,989,975.0"
Streetlighting Scarborough,0,Square feet,70,28723102.29,kWh,,,"2,758,566.7"
Streetlighting Toronto,0,Square feet,70,28759297.93,kWh,,,"2,762,043.0"
Streetlighting York,0,Square feet,70,4489923.323,kWh,,,"431,212.2"
Toronto Island Street Lighting,0,Square feet,70,94794,kWh,,,"9,104.0"
Bermondsey Transfer Station,48976,Square feet,70,1000613.803,kWh,8807.20706,Cubic meter,"112,750.1"
Commissioners St Transfer Stn,76424,Square feet,70,718949.8404,kWh,107293.8125,Cubic meter,"271,900.5"
Disco Road Transfer Station,57049,Square feet,70,2438463.868,kWh,21221.00218,Cubic meter,"274,311.1"
Dufferin Transfer Station,120663,Square feet,70,4429253.754,kWh,84504.76668,Cubic meter,"585,152.5"
Ingram Drive Transfer Station,112268,Square feet,70,1299703.386,kWh,46431.04577,Cubic meter,"212,607.3"
Scarborough Transfer Station,96595,Square feet,70,2439032.939,kWh,66312.95758,Cubic meter,"359,617.8"
Victoria Park Transfer Station,83959,Square feet,70,798886.9639,kWh,61714.60268,Cubic meter,"193,404.4"
Union Station,779167,Square feet,168,13730020.94,kWh,102123.9,Cubic meter,"2,793,367.8"
Sony Centre,173084,Square feet,100,2176737.194,kWh,,,"275,090.0"
St Lawrence Centre,80729,Square feet,100,1593447.083,kWh,,,"351,907.2"
Toronto Centre for the Arts,177992,Square feet,100,2216109.978,kWh,128426.1463,Cubic meter,"455,641.1"
#11 Police Division - NEW,89610,Square feet,168,1140675.494,kWh,35127.69303,Cubic meter,"175,963.8"
#12 Police Division,25780,Square feet,168,572426.7905,kWh,5940.627155,Cubic meter,"66,207.4"
#13 Police Division,20344,Square feet,168,539722.4004,kWh,40660.34667,Cubic meter,"128,708.5"
#14 Police Division - NEW,84895,Square feet,168,683308.0968,kWh,,,"65,624.9"
#21 Police Division,7492,Square feet,168,160332.6899,kWh,12397.50392,Cubic meter,"38,837.4"
#22 Police Division,32270,Square feet,168,524528.6706,kWh,65915.14671,Cubic meter,"174,996.7"
#23 Police Division,13616,Square feet,168,256196.8824,kWh,22773.95855,Cubic meter,"67,662.2"
#23 Police Division New,55972,Square feet,168,914262.129,kWh,38041.32315,Cubic meter,"159,727.7"
#31 Police Division,35489,Square feet,168,751378.7335,kWh,43601.78788,Cubic meter,"154,597.1"
#32 Police Division,47652,Square feet,168,699745.2059,kWh,40851.09229,Cubic meter,"144,437.7"
#33 Police Division,27889,Square feet,168,430692.6023,kWh,24324.292,Cubic meter,"87,351.9"
#41 Police Division,52183,Square feet,168,795677.3235,kWh,94810.08203,Cubic meter,"255,667.4"
#42 Police Division,41990,Square feet,168,627370.697,kWh,43509.51548,Cubic meter,"142,512.9"
#43 Police Division,51990,Square feet,168,868839.7167,kWh,58814.11693,Cubic meter,"194,638.9"
#51 Police Division New,47899,Square feet,168,1579012.013,kWh,115179.8104,Cubic meter,"369,410.4"
#52 Police Division,71677,Square feet,168,1067401.903,kWh,56931.24375,Cubic meter,"210,149.0"
#53 Police Division,52183,Square feet,168,791121.6516,kWh,33526.52656,Cubic meter,"139,365.5"
#54 Police Division,23358,Square feet,168,491723.2798,kWh,51480.27613,Cubic meter,"144,555.1"
#55 Police Division,23519,Square feet,168,499853.5667,kWh,18559.88972,Cubic meter,"83,095.8"
Bail and Parole Enforcement Office,8105,Square feet,168,,,9721.518235,Cubic meter,"18,379.8"
C.O Bick College,92849,Square feet,168,213463.5381,kWh,85738.9825,Cubic meter,"182,601.5"
Centre Island Marine Unit,1001,Square feet,168,1995.980392,kWh,,,191.7
Centre Island Police Division,1001,Square feet,168,17198,kWh,,,"1,651.7"
Cherry Beach Life Stn,495,Square feet,168,19010.58357,kWh,,,"1,825.8"
Detective Services Building,172190,Square feet,168,407592.0941,kWh,10889.16177,Cubic meter,"59,732.5"
Emergency Task Force,35995,Square feet,168,624530.7353,kWh,64268.89765,Cubic meter,"181,488.4"
"Forensic Service, Store & Garage",62484,Square feet,168,1679779.845,kWh,159596.3514,Cubic meter,"463,063.2"
Humber Bay Life Stn,1475,Square feet,168,21754.125,kWh,,,"2,089.3"
Intelligence Bureau,70547,Square feet,168,1677850,kWh,72588.35487,Cubic meter,"298,378.2"
Leuty Beach,495,Square feet,168,76753.18215,kWh,,,"7,371.4"
Police Academy,296987,Square feet,168,2809545.323,kWh,376682.6314,Cubic meter,"981,995.1"
Police Dog Service,9203,Square feet,168,144242.3542,kWh,9634.725,Cubic meter,"32,068.7"
Police Garage,33024,Square feet,168,349245.7922,kWh,58971.95015,Cubic meter,"145,035.5"
Police Headquarters,299990,Square feet,168,10142325.9,kWh,333962.8274,Cubic meter,"1,694,817.6"
Police Marine Hq,22992,Square feet,168,352956.7684,kWh,28098.5,Cubic meter,"87,021.8"
Property Bureau,43992,Square feet,168,493547.4793,kWh,49102.80319,Cubic meter,"140,235.4"
Property Evidence Unit,287741,Square feet,168,1394322.692,kWh,85212.745,Cubic meter,"295,016.3"
Public Complaints Bureau,9182,Square feet,168,117884.8341,kWh,,,"11,321.7"
Public Order,8342,Square feet,168,166959.6857,kWh,9596.12379,Cubic meter,"34,177.5"
Traffic Services and Garage,297988,Square feet,168,2741716.482,kWh,335233.1333,Cubic meter,"897,115.3"
Agincourt District,26996,Square feet,70,664953.1662,kWh,3797.502673,Cubic meter,"71,041.8"
Albert Campbell District,26102,Square feet,70,486029.6382,kWh,12028.33192,Cubic meter,"69,419.4"
Albion,32281,Square feet,70,409176.6339,kWh,34303.41882,Cubic meter,"104,152.3"
Amesbury Park Library,6318,Square feet,70,109502.8125,kWh,11325.65086,Cubic meter,"31,929.2"
Annette Street,7804,Square feet,70,172387.0149,kWh,7952.524195,Cubic meter,"31,591.3"
Barbara Frum,39224,Square feet,70,887249.8529,kWh,61352.41427,Cubic meter,"201,206.0"
Bayview,6340,Square feet,70,128244.725,kWh,,,"12,316.6"
Beaches,7804,Square feet,70,144374.5406,kWh,11534.08349,Cubic meter,"35,672.4"
Bendale,8503,Square feet,70,102043.5235,kWh,8084.224599,Cubic meter,"25,084.5"
Black Creek,7093,Square feet,70,51516.86652,kWh,2037.724138,Cubic meter,"8,800.3"
Bloor Gladstone,20624,Square feet,70,369237.5484,kWh,40648.38947,Cubic meter,"112,312.5"
Brentwood,13616,Square feet,70,111600.8379,kWh,,,"10,718.1"
Brookbanks,7933,Square feet,70,101618.8105,kWh,22333.03226,Cubic meter,"51,982.9"
Cedarbrae,26199,Square feet,70,481263.8387,kWh,34561.50177,Cubic meter,"111,563.5"
Centennial,6867,Square feet,70,119502.4741,kWh,8475.023461,Cubic meter,"27,500.1"
Cliffcrest,4898,Square feet,70,98340.46875,kWh,8198.824544,Cubic meter,"24,945.5"
College Shaw,7685,Square feet,70,69788.375,kWh,9360.617646,Cubic meter,"24,399.9"
Danforth Coxwell,9612,Square feet,70,128725.9644,kWh,6191.866081,Cubic meter,"24,069.4"
Dawes Road,6501,Square feet,70,141876.9472,kWh,,,"13,625.9"
Deer Park,16576,Square feet,70,360537.5941,kWh,25820.56515,Cubic meter,"83,443.1"
Don Mills,21560,Square feet,70,388840.2529,kWh,22837.04788,Cubic meter,"80,520.6"
Downsview,20021,Square feet,70,286761.5394,kWh,15239.10606,Cubic meter,"56,352.0"
Dufferin St Clair,8966,Square feet,70,112780.6064,kWh,13478.14326,Cubic meter,"36,313.6"
Eatonville,12217,Square feet,70,159081.3247,kWh,16168.15424,Cubic meter,"45,846.1"
Eglinton Square,4715,Square feet,70,68602.75936,kWh,,,"6,588.6"
Elmbrook Park,3595,Square feet,70,52585.09524,kWh,1922.871658,Cubic meter,"8,685.7"
Evelyn Gregory,6200,Square feet,70,77907.83633,kWh,12479.27344,Cubic meter,"31,075.9"
Fairview Mall,64670,Square feet,70,1265805.794,kWh,95149.65954,Cubic meter,"301,460.5"
Gerrard Ashdale,6501,Square feet,70,58596.89435,kWh,7056.294118,Cubic meter,"18,968.5"
Goldhawk Park,7998,Square feet,70,249829.4957,kWh,12157.56916,Cubic meter,"46,979.1"
Guildwood,3014,Square feet,70,27012.55613,kWh,2238.180147,Cubic meter,"6,825.8"
High Park Public Library,9494,Square feet,70,131458.1161,kWh,17644.06732,Cubic meter,"45,983.6"
Highland Creek,6997,Square feet,70,104658.1429,kWh,5089.225288,Cubic meter,"19,673.2"
Hillcrest,7470,Square feet,70,126479.6496,kWh,16931.29018,Cubic meter,"44,157.9"
Humber Bay,2400,Square feet,70,37001.98242,kWh,2066.63793,Cubic meter,"7,460.9"
Humber Summit,9042,Square feet,70,100616.1152,kWh,9597.058823,Cubic meter,"27,807.6"
Jane & Dundas,11603,Square feet,70,126694.8409,kWh,12353.9871,Cubic meter,"35,524.6"
Jane Sheppard,6997,Square feet,70,109507.3247,kWh,3676.878788,Cubic meter,"17,468.7"
Jones,3638,Square feet,70,44082.97266,kWh,9706.977143,Cubic meter,"22,586.0"
Kennedy Eglinton,7653,Square feet,70,111696.5897,kWh,68.058824,Cubic meter,"10,856.0"
Leaside,11991,Square feet,70,203617.3235,kWh,19383.44861,Cubic meter,"56,202.3"
Lillian H Smith,38933,Square feet,70,1011938.097,kWh,142161.736,Cubic meter,"365,961.4"
Locke,11647,Square feet,70,201108.8529,kWh,58314.16047,Cubic meter,"129,564.8"
Long Branch,5296,Square feet,70,67436.34836,kWh,7777.003921,Cubic meter,"21,180.0"
Main Street,8665,Square feet,70,86906.12991,kWh,5974.264705,Cubic meter,"19,641.6"
Maria A Shchuka,25457,Square feet,70,247486.2751,kWh,22206.36782,Cubic meter,"65,752.5"
Martin Ross Serv Bldg,27997,Square feet,70,1621994.877,kWh,38696.75554,Cubic meter,"228,937.5"
Maryvale,4424,Square feet,70,43330.68485,kWh,7492.259715,Cubic meter,"18,326.5"
McGregor Park,5005,Square feet,70,,,9976.656,Cubic meter,"18,862.1"
Mimico,17470,Square feet,70,85373.24263,kWh,21425.29204,Cubic meter,"48,706.5"
Morningside,6997,Square feet,70,112908.484,kWh,3235.405434,Cubic meter,"16,960.7"
Mount Dennis,11345,Square feet,70,53473.96164,kWh,5296.242424,Cubic meter,"15,148.9"
Mount Pleasant,5834,Square feet,70,60767.07572,kWh,5662.262888,Cubic meter,"16,541.3"
New Toronto,9935,Square feet,70,135210.2118,kWh,9252.869269,Cubic meter,"30,479.3"
North York Central,168014,Square feet,70,2475997.903,kWh,137025.0942,Cubic meter,"496,858.2"
Northern District,45800,Square feet,70,2630023.523,kWh,140610.3117,Cubic meter,"518,429.1"
Northern Elms,3035,Square feet,70,44685.3871,kWh,809.529412,Cubic meter,"5,822.1"
Oakwood Village,17287,Square feet,70,140984.6907,kWh,10713.91954,Cubic meter,"33,796.2"
Palmerston,8493,Square feet,70,213758.2994,kWh,,,"20,529.3"
Pape Danforth,8181,Square feet,70,148555.6818,kWh,7380.356303,Cubic meter,"28,220.8"
Parkdale,24079,Square feet,70,276788.4278,kWh,15673.25863,Cubic meter,"56,215.0"
Parliament,14639,Square feet,70,169248.7358,kWh,11157.15441,Cubic meter,"37,348.7"
Perth Dupont,3627,Square feet,70,26489.50028,kWh,4668.566165,Cubic meter,"11,370.6"
Pleasant View,6997,Square feet,70,174591.9663,kWh,9063.714483,Cubic meter,"33,903.9"
Rexdale,5091,Square feet,70,37190.75755,kWh,7254.609455,Cubic meter,"17,287.6"
Richview,47254,Square feet,70,602591.243,kWh,25041.54667,Cubic meter,"105,217.1"
Riverdale,9655,Square feet,70,181735.4,kWh,14848.54286,Cubic meter,"45,526.9"
Runnymede,10236,Square feet,70,131326.2068,kWh,15786.11794,Cubic meter,"42,458.2"
S Walter Stewart,25866,Square feet,70,393014.2581,kWh,19784.22449,Cubic meter,"75,149.7"
Sanderson,12701,Square feet,70,143096.2216,kWh,8334.054545,Cubic meter,"29,499.5"
Spadina Road,3950,Square feet,70,50040.20471,kWh,7545.054291,Cubic meter,"19,070.7"
St Clair Silverthorn,4585,Square feet,70,28800.52083,kWh,1776.151515,Cubic meter,"6,124.0"
St Lawrence,4833,Square feet,70,55059.92157,kWh,,,"5,288.0"
Steeles,5005,Square feet,70,83360.96429,kWh,2651.083982,Cubic meter,"13,018.2"
Taylor Memorial,5005,Square feet,70,54319.0548,kWh,13283.62353,Cubic meter,"30,331.2"
Thorncliffe,5005,Square feet,70,138455.7089,kWh,1435.290323,Cubic meter,"16,010.9"
Toronto Reference Library,416025,Square feet,70,7599706,kWh,390492.7848,Cubic meter,"1,468,152.0"
Victoria Village,5382,Square feet,70,63060.33826,kWh,8797.421372,Cubic meter,"22,689.0"
Weston,11948,Square feet,70,144199.5073,kWh,12902.25,Cubic meter,"38,242.3"
Woodside Square,9795,Square feet,70,131173.6095,kWh,15804.02852,Cubic meter,"42,477.4"
Woodview Park,6663,Square feet,70,48841.07143,kWh,7108.049092,Cubic meter,"18,129.4"
Wychwood,6383,Square feet,70,108671.3229,kWh,10270.72202,Cubic meter,"29,854.9"
York Woods,42173,Square feet,70,754136.0603,kWh,43293.99353,Cubic meter,"154,280.0"
Yorkville,9052,Square feet,70,192941.0968,kWh,13360.59656,Cubic meter,"43,790.0"
Alness Service Yard,25715,Square feet,70,170237.8511,kWh,38122.33476,Cubic meter,"88,424.8"
Bartonville Park,3606,Square feet,70,32772.41667,kWh,4597.644545,Cubic meter,"11,839.9"
Bentworth Park Yard,12981,Square feet,70,23449.40752,kWh,10842.87932,Cubic meter,"22,751.9"
Bering Yard,53798,Square feet,70,409335.7984,kWh,130816.8585,Cubic meter,"286,638.5"
Birchmount Parks Yard,15317,Square feet,70,125475.5508,kWh,35951.57294,Cubic meter,"80,021.7"
Brimley Parks Yard,2809,Square feet,70,29075.34875,kWh,4229.40625,Cubic meter,"10,788.6"
Castlefield Yard,36447,Square feet,70,462339.4004,kWh,34599.90437,Cubic meter,"109,818.6"
Centennial Pk Svc Bldg,1023,Square feet,70,33984.95382,kWh,7954.438182,Cubic meter,"18,302.8"
Central Equipment Yard,148198,Square feet,70,1289923.452,kWh,311103.6528,Cubic meter,"712,065.2"
Central Garage,39374,Square feet,70,187141.5623,kWh,68552.72563,Cubic meter,"147,580.7"
Central Water Services,32679,Square feet,70,1179602.67,kWh,27926.42,Cubic meter,"166,087.5"
Disco Yard,121406,Square feet,70,854347,kWh,229464,Cubic meter,"515,882.3"
Dufferin Maintenance Yard,31667,Square feet,70,324788.209,kWh,23700.80041,Cubic meter,"76,002.0"
Eastern & Booth Blocks,236645,Square feet,70,3092703.051,kWh,435411.6708,Cubic meter,"1,120,224.3"
Eastern Ave Yard / Office,84701,Square feet,70,1007733.084,kWh,364068.6527,Cubic meter,"785,100.7"
Eastern Ave Yard / Shop,9698,Square feet,70,98220.9256,kWh,24109.25714,Cubic meter,"55,014.8"
Eglinton Flats Service Bldg,5705,Square feet,70,57608.415,kWh,13928.25152,Cubic meter,"31,865.8"
Ellesmere Yard,138069,Square feet,70,1546069.525,kWh,252133.4243,Cubic meter,"625,174.8"
Emery Parks Yard,18998,Square feet,70,185049.3786,kWh,60880.32941,Cubic meter,"132,874.1"
Emery Works Yard,26404,Square feet,70,310894.7503,kWh,67599.89909,Cubic meter,"157,664.5"
Fire Dept Repair Shop,32604,Square feet,70,263583.136,kWh,,,"25,314.5"
Fire Services - East Command Offices,25898,Square feet,70,125178.5202,kWh,32193.32258,Cubic meter,"72,887.7"
Hamilton Street Yard,2756,Square feet,70,72249.37255,kWh,,,"6,938.8"
Health Materials Warehouse,22604,Square feet,70,6777.453488,kWh,20677.01579,Cubic meter,"39,743.4"
Ingram Works Yard,23907,Square feet,70,390152.1282,kWh,50222.23276,Cubic meter,"132,421.7"
King St Garage,83485,Square feet,70,313864.5275,kWh,230061.2955,Cubic meter,"465,103.6"
Kipling Maintenance Yard,27373,Square feet,70,220373.3,kWh,40999.44341,Cubic meter,"98,679.3"
Kipling Yard,11001,Square feet,70,525047.1111,kWh,14885.41746,Cubic meter,"78,568.3"
Maintenance Yard #1&2,38760,Square feet,70,776355.3479,kWh,83723.26985,Cubic meter,"232,850.6"
Maintenance Yard #3,4618,Square feet,70,83685.41,kWh,13383.19161,Cubic meter,"33,339.8"
Maintenance Yard #6,6135,Square feet,70,134711.7571,kWh,19334.64625,Cubic meter,"49,492.3"
Maintenance Yard #7,11862,Square feet,70,222858.7241,kWh,,,"21,403.4"
Marylin Bell Park Water Equipment Shed,700,Square feet,70,27995.62235,kWh,,,"2,688.7"
Monarch Park Serv Yard,13950,Square feet,70,103565.4449,kWh,,,"9,946.4"
Morningside Yard,14779,Square feet,70,353586.0719,kWh,45125.34073,Cubic meter,"119,273.6"
Nashdene Yard,24176,Square feet,70,244566.6091,kWh,46119.46247,Cubic meter,"110,682.9"
North District Serv Yard,32044,Square feet,70,293362.5806,kWh,44694.34364,Cubic meter,"112,674.9"
Northern Services Building,4101,Square feet,70,202275.2059,kWh,42565.99478,Cubic meter,"99,902.9"
Northline Parks and Garage,50041,Square feet,70,740831.439,kWh,146087.2013,Cubic meter,"347,345.9"
Old Eglinton Yard,66155,Square feet,70,477611.7798,kWh,,,"45,869.8"
Oriole Parks Yard,13046,Square feet,70,85626.52085,kWh,,,"8,223.6"
Oriole Yd- Signs and Markings,16264,Square feet,70,10783.72794,kWh,45685.03448,Cubic meter,"87,409.0"
Oriole Yd- Works,26759,Square feet,70,202337.3199,kWh,42934.10345,Cubic meter,"100,604.9"
Pharmacy Yard,1851,Square feet,70,172990.6862,kWh,4723.863088,Cubic meter,"25,545.1"
Property Operation Workshop,12034,Square feet,70,42060.82824,kWh,42536.88788,Cubic meter,"84,460.9"
Ramsden Yard,20247,Square feet,70,191865.7343,kWh,114612.0412,Cubic meter,"235,115.4"
Rockcliffe Yard,14047,Square feet,70,73372.77567,kWh,36224.82926,Cubic meter,"75,534.4"
Sixth St Garage,6997,Square feet,70,9817.193164,kWh,6896.657201,Cubic meter,"13,981.8"
Train Storage Building,30849,Square feet,70,193607.4525,kWh,48843.48387,Cubic meter,"110,938.9"
Wellington Yard & Office,10570,Square feet,70,91294.52813,kWh,,,"8,767.9"
Wellington Yard & Storage,22346,Square feet,70,33909.04219,kWh,,,"3,256.6"
Western Services Yard,4133,Square feet,70,25399.33148,kWh,10135.14353,Cubic meter,"21,601.1"
Winter Maintenance Depot,12152,Square feet,70,330168.0681,kWh,,,"31,709.3"
